pruning_thresh,target_sparsity,quality,technique,bandwidth,mAP_drop,frame_id,model_head_time,model_tail_time,framework_head_time,framework_tail_time,framework_response_time,compression_time,decompression_time,overall_time
0.001,0.0,80,1,24980287.2799289,40,1,258.5463562011719,4.495423793792725,153.25136411190033,0.02969600073993206,16.2893123626709,35.39353561401367,0.055456001311540604,469.0889587402344
0.001,0.0,70,1,24921226.837982114,40,2,9.95695972442627,4.620927810668945,1.4156799614429474,0.029472000896930695,14.426624298095703,3.6710400581359863,0.056095998734235764,32.998817443847656
0.001,0.0,67,1,24823051.52255152,40,3,9.939167976379395,4.688767910003662,1.4231359660625458,0.03046399913728237,14.804256439208984,3.611999988555908,0.05657599866390228,33.00831985473633
0.001,0.0,69,1,24686148.39413932,40,4,9.936127662658691,4.540287971496582,1.3601919412612915,0.02924799919128418,15.047327995300293,3.3328959941864014,0.05593600124120712,32.978206634521484
0.001,0.0,68,1,24511057.19935495,40,5,9.949024200439453,4.495264053344727,1.376448005437851,0.04198399931192398,14.509504318237305,3.215775966644287,0.06972800195217133,32.484352111816406
0.001,0.0,68,1,24298468.24294036,40,6,9.935711860656738,4.8330559730529785,1.468639999628067,0.03152000159025192,15.64732837677002,2.4121921062469482,0.06019200012087822,32.70457458496094
0.001,0.0,68,1,24049219.666213144,40,7,9.964608192443848,4.589568138122559,1.368416041135788,0.045951999723911285,14.35696029663086,2.5760960578918457,0.08636800199747086,31.60326385498047
0.001,0.0,68,1,23764294.142657533,40,8,9.946080207824707,4.631999969482422,1.356735959649086,0.03174399957060814,15.411711692810059,2.9201600551605225,0.060416001826524734,33.04182434082031
0.001,0.0,68,1,23444815.00369093,40,9,9.940704345703125,4.611328125,1.357472002506256,0.02969600073993206,13.452159881591797,3.24566388130188,0.05648000165820122,31.32931137084961
0.001,0.0,92,1,23092041.809880324,40,10,9.956255912780762,4.56112003326416,1.3974079489707947,0.028672000393271446,15.410016059875488,4.1976318359375,0.055296000093221664,34.408382415771484
0.001,0.0,98,1,22707365.38506935,40,11,9.930656433105469,4.631807804107666,1.3886400014162064,0.030208000913262367,14.862015724182129,4.4580159187316895,0.056832000613212585,34.10416030883789
0.001,0.0,97,1,22292302.332994066,40,12,9.944064140319824,4.53718376159668,1.398912027478218,0.02908799983561039,16.254976272583008,4.093408107757568,0.05552000179886818,35.0682258605957
0.001,0.0,96,1,21848489.05800595,40,13,9.946656227111816,4.6113600730896,1.4364799559116364,0.028991999104619026,15.133760452270508,4.128960132598877,0.05510399863123894,33.9186897277832
0.001,0.0,95,1,21377675.313475743,40,14,9.972576141357422,4.584320068359375,1.6496959775686264,0.028704000636935234,15.260479927062988,3.7678720951080322,0.07897599786520004,34.723297119140625
0.001,0.0,94,1,20881717.30331375,40,15,9.934687614440918,4.450943946838379,1.44902403652668,0.02876799926161766,16.635072708129883,3.8537280559539795,0.055456001311540604,35.148193359375
0.001,0.0,92,1,20362570.36380424,40,16,9.940064430236816,4.699423789978027,1.399936005473137,0.043007999658584595,14.77126407623291,3.68886399269104,0.0687360018491745,33.38169479370117
0.001,0.0,87,1,19822281.25460608,40,17,9.977184295654297,4.567776203155518,1.4683839529752731,0.0655359998345375,15.458751678466797,3.6219840049743652,0.14588800072669983,33.92156982421875
0.001,0.0,81,1,19262980.089312688,40,18,9.932064056396484,4.728320121765137,1.3951360136270523,0.02816000021994114,15.571680068969727,3.447007894515991,0.05427199974656105,33.72502517700195
0.001,0.0,85,1,18686871.937385432,40,19,9.936832427978516,4.592800140380859,1.4616960436105728,0.08585599809885025,14.107744216918945,3.4163520336151123,0.13132800161838531,32.19404983520508
0.001,0.0,86,1,18096228.13057024,40,20,9.918272018432617,4.7435197830200195,1.3973119407892227,0.027904000133275986,14.865792274475098,3.3815999031066895,0.054207999259233475,32.88447952270508
0.001,0.0,86,1,17493377.308072213,40,21,9.952832221984863,4.814784049987793,1.4034879356622696,0.02924799919128418,15.335103988647461,3.5223679542541504,0.054976001381874084,33.69184112548828
0.001,0.0,86,1,16880696.235793047,40,22,10.124704360961914,4.583680152893066,1.4021760523319244,0.0432640016078949,14.249855995178223,3.5018560886383057,0.06963200122117996,32.66783905029297
0.001,0.0,91,1,16260600.435826892,40,23,9.942432403564453,4.493984222412109,1.509280040860176,0.029503999277949333,15.617152214050293,3.5381760597229004,0.05503999814391136,34.451297760009766
0.001,0.0,90,1,15635534.663158145,40,24,9.939552307128906,4.568575859069824,1.8327039629220963,0.02969600073993206,14.50380802154541,3.4543681144714355,0.05660799890756607,33.16495895385742
0.001,0.0,88,1,15007963.267107332,40,25,9.943584442138672,4.622848033905029,1.3415679633617401,0.034015998244285583,14.832287788391113,3.315232038497925,0.0801599994301796,32.644222259521484
0.001,0.0,88,1,14380360.475525454,40,26,9.951583862304688,4.6729278564453125,0.9679040014743805,0.0453759990632534,16.02262306213379,4.220799922943115,0.07459200173616409,35.860191345214844
0.001,0.0,72,1,13755200.640041763,40,27,9.946208000183105,4.676608085632324,1.4026239663362503,0.02876799926161766,14.023584365844727,3.3647360801696777,0.055296000093221664,31.978336334228516
0.001,0.0,85,1,13134948.480823584,40,28,9.936384201049805,4.766208171844482,1.3904000520706177,0.037408001720905304,14.461248397827148,3.701535940170288,0.0732479989528656,32.772064208984375
0.001,0.0,87,1,12522049.369308548,40,29,9.96076774597168,4.594367980957031,1.2302399426698685,0.02969600073993206,14.545184135437012,3.6356160640716553,0.05632000043988228,33.695743560791016
0.001,0.0,86,1,11918919.687220076,40,30,9.971360206604004,4.554912090301514,1.3691840320825577,0.0289280004799366,14.53171157836914,3.6583359241485596,0.055296000093221664,32.73062515258789
0.001,0.0,85,1,11327937.299876085,40,31,9.955552101135254,4.516287803649902,1.3826559633016586,0.029983999207615852,14.24681568145752,3.5222079753875732,0.08188799768686295,32.562686920166016
0.001,0.0,72,1,10751432.18135031,40,32,9.944992065429688,4.575071811676025,1.3648639768362045,0.028672000393271446,14.259455680847168,3.1526401042938232,0.055296000093221664,32.162784576416016
0.009000000000000001,0.09,60,1,10191677.228446962,40,33,9.968031883239746,4.589024066925049,5.485952213406563,0.04412800073623657,14.535200119018555,2.581120014190674,0.07168000191450119,35.90809631347656
0.003,0.02,65,1,9650879.299705038,40,34,9.962944030761719,4.585728168487549,2.4249920696020126,0.02969600073993206,14.41107177734375,2.5014400482177734,0.05632000043988228,32.81129455566406
0.002,0.01,68,1,9131170.514761407,40,35,9.933343887329102,4.5135040283203125,1.9953600019216537,0.030112000182271004,15.135135650634766,2.527616024017334,0.05628800019621849,32.860191345214844
0.002,0.01,69,1,8634599.84837528,40,36,9.964639663696289,4.5372161865234375,1.878591999411583,0.02969600073993206,13.546208381652832,2.5299201011657715,0.05734400078654289,31.163232803344727
0.002,0.01,69,1,8163125.0522550605,40,37,9.970751762390137,4.903840065002441,2.0625919848680496,0.029279999434947968,14.86092758178711,2.506239891052246,0.05488000065088272,32.912513732910156
0.002,0.01,71,1,7718604.936536042,40,38,9.941760063171387,4.956992149353027,1.8712000101804733,0.07292799651622772,15.295583724975586,2.495039939880371,0.12095999717712402,32.89894485473633
0.001,0.01,68,1,7302792.041339656,40,39,9.96735954284668,4.728928089141846,1.6930560320615768,0.02969600073993206,16.087039947509766,2.683135986328125,0.05539200082421303,34.45654296875
0.002,0.01,68,1,6917325.727306897,40,40,9.958399772644043,4.495327949523926,2.150944009423256,0.027712000533938408,13.444064140319824,2.4560000896453857,0.053727999329566956,31.41449546813965
0.003,0.03,68,1,6563725.712346841,40,41,9.93017578125,4.494944095611572,2.5681919008493423,0.04095999896526337,14.510720252990723,2.5104639530181885,0.07542400062084198,32.89295959472656
0.003,0.02,68,1,6243386.080081886,40,42,10.010432243347168,4.608704090118408,2.474751979112625,0.029184000566601753,16.2007999420166,2.971328020095825,0.07462400197982788,35.307167053222656
0.003,0.02,65,1,5957569.783611743,40,43,9.952383995056152,4.71011209487915,2.4561598896980286,0.029759999364614487,14.704192161560059,3.0965120792388916,0.05632000043988228,33.471073150634766
0.003,0.03,74,1,5707403.666265227,40,44,9.957728385925293,4.513152122497559,2.51363205909729,0.02816000021994114,13.5164155960083,3.297760009765625,0.05427199974656105,32.57900619506836
0.004,0.03,70,1,5493874.018970845,40,45,9.951071739196777,4.531807899475098,3.0674239844083786,0.02921600081026554,14.84768009185791,2.640608072280884,0.05532800033688545,33.89299011230469
0.003,0.03,68,1,5317822.691761389,40,46,9.964287757873535,4.486432075500488,2.5650878995656967,0.05119999870657921,13.712512016296387,2.5591681003570557,0.08028800040483475,32.23324966430664
0.08800000000000006,0.7,63,1,5179943.774743153,40,47,9.951711654663086,4.703104019165039,44.304991737008095,0.06348799914121628,13.915103912353516,2.540127992630005,0.11161600053310394,74.031005859375
0.11500000000000009,0.82,63,1,5080780.861615106,40,48,9.950431823730469,4.609920024871826,58.50115080177784,0.028704000636935234,13.813247680664062,2.6408960819244385,0.055296000093221664,88.51219177246094
0.1320000000000001,0.87,60,1,5020724.906526841,40,49,9.952704429626465,4.695328235626221,65.08633224666119,0.028991999104619026,14.865504264831543,2.6213760375976562,0.05478399991989136,96.18153381347656
0.1570000000000001,0.93,63,1,5000012.682724604,40,50,9.9552640914917,4.669216156005859,78.46592329442501,0.03155200183391571,14.794560432434082,2.5160000324249268,0.08275199681520462,109.20172882080078
0.20600000000000016,0.98,61,1,5018725.84906237,40,51,9.948415756225586,4.502111911773682,100.50595284998417,0.05737600103020668,13.99942398071289,2.663935899734497,0.08303999900817871,130.48057556152344
0.11100000000000008,0.79,61,1,5076790.628058208,40,52,9.950624465942383,4.768671989440918,55.15046428143978,0.03481600061058998,14.669599533081055,2.607840061187744,0.08230400085449219,85.75001525878906
0.06100000000000005,0.5,61,1,5173978.09676525,40,53,9.944000244140625,4.602975845336914,30.789568468928337,0.04838399961590767,13.801504135131836,3.0623679161071777,0.07715199887752533,60.96438217163086
0.07000000000000005,0.59,61,1,5309905.089310488,40,54,9.951904296875,4.501440048217773,35.929760962724686,0.02940800040960312,13.893664360046387,3.4515199661254883,0.05552000179886818,67.24447631835938
0.08200000000000006,0.66,61,1,5484035.70754309,40,55,10.065471649169922,4.850656032562256,42.66099192202091,0.028863999992609024,14.867103576660156,3.471168041229248,0.054368000477552414,74.7185287475586
0.08600000000000006,0.68,61,1,5695683.433836451,40,56,9.93718433380127,4.503871917724609,43.195711240172386,0.028672000393271446,13.971872329711914,3.5121920108795166,0.05475199967622757,74.0670394897461
0.07800000000000006,0.63,60,1,5944013.837714149,40,57,9.933279991149902,4.525152206420898,39.01839838922024,0.030719999223947525,14.244000434875488,3.4120960235595703,0.05734400078654289,69.91020965576172
0.10200000000000008,0.76,62,1,6228047.865628833,40,58,9.95315170288086,4.526976108551025,50.49862340092659,0.02921600081026554,14.161791801452637,3.508512020111084,0.05484800040721893,81.50466918945312
0.09600000000000007,0.72,61,1,6546665.7009239085,40,59,9.956831932067871,4.52950382232666,48.1103368550539,0.029440000653266907,13.259167671203613,3.473695993423462,0.05427199974656105,78.20387268066406
0.07500000000000005,0.6,61,1,6898611.178760007,40,60,9.943743705749512,4.6058878898620605,38.09497709572315,0.02937600016593933,14.246208190917969,3.5067200660705566,0.05593600124120712,69.10822296142578
0.07600000000000005,0.63,62,1,7282496.738600158,40,61,9.957344055175781,4.721695899963379,38.35385613143444,0.028672000393271446,15.10108757019043,3.45743989944458,0.05427199974656105,70.40790557861328
0.08200000000000006,0.66,60,1,7696808.894728268,40,62,9.94604778289795,4.575520038604736,40.926176592707634,0.028672000393271446,15.106752395629883,3.4858241081237793,0.055296000093221664,72.863037109375
0.07400000000000005,0.6,61,1,8139914.203233173,40,63,9.927264213562012,4.51580810546875,37.04380623996258,0.029952000826597214,13.880288124084473,3.5214719772338867,0.07481600344181061,67.60160064697266
0.057000000000000044,0.49,60,1,8610065.70193316,40,64,9.946016311645508,4.521503925323486,29.241983592510223,0.02848000079393387,14.17363166809082,3.429215908050537,0.0544000007212162,60.071678161621094
0.06100000000000005,0.52,61,1,9105409.79785125,40,65,9.942367553710938,9.510111808776855,31.17455929517746,0.028672000393271446,19.104415893554688,3.5284481048583984,0.055296000093221664,67.00806427001953
0.04200000000000003,0.37,61,1,9623993.575087097,40,66,9.942079544067383,4.540639877319336,21.617695972323418,0.02860799990594387,13.634112358093262,3.452575922012329,0.05423999950289726,51.982784271240234
0.036000000000000025,0.33,61,1,10163772.494273901,40,67,9.950528144836426,4.620863914489746,18.85561689734459,0.029600000008940697,14.691231727600098,3.4435839653015137,0.0562559999525547,50.26937484741211
0.009000000000000001,0.08,61,1,10722618.453264814,40,68,9.930272102355957,4.581567764282227,5.477151811122894,0.030239999294281006,13.517888069152832,3.4282240867614746,0.05734400078654289,35.56425476074219
0.001,0.01,61,1,11298328.177269334,40,69,9.981887817382812,4.5195841789245605,0.9131839796900749,0.029440000653266907,14.779871940612793,4.091584205627441,0.056063998490571976,34.43385696411133
0.001,0.0,61,1,11888631.905361177,40,70,9.940511703491211,4.52623987197876,1.3360639959573746,0.028672000393271446,13.690752029418945,2.3784639835357666,0.05452800169587135,30.608192443847656
0.001,0.0,65,1,12491202.339110576,40,71,9.9486083984375,4.590784072875977,1.5212480574846268,0.031488001346588135,14.017472267150879,2.4910080432891846,0.07859200239181519,31.282655715942383
0.001,0.0,86,1,13103663.818060804,40,72,9.940799713134766,4.671232223510742,1.444736048579216,0.02969600073993206,15.486751556396484,3.410304069519043,0.05558399856090546,33.5115852355957
0.001,0.0,91,1,13723601.685874086,40,73,9.95132827758789,4.528960227966309,1.3881599754095078,0.029823999851942062,14.529376029968262,4.350368022918701,0.05711999908089638,33.51283264160156
0.001,0.0,89,1,14348571.810220476,40,74,9.957344055175781,4.536640167236328,1.3590399771928787,0.02969600073993206,15.421792030334473,3.4401280879974365,0.078015998005867,33.44108963012695
0.001,0.0,87,1,14976110.218877185,40,75,9.951295852661133,4.582816123962402,1.4489600211381912,0.02921600081026554,15.201151847839355,3.5179200172424316,0.05430399999022484,33.86191940307617
0.001,0.0,87,1,15603742.81404746,40,76,9.944767951965332,4.71724796295166,1.3423359394073486,0.0488319993019104,15.525343894958496,3.552992105484009,0.07667200267314911,33.59689712524414
0.001,0.0,87,1,16228995.126600085,40,77,9.965888023376465,4.655839920043945,1.3876799792051315,0.029759999364614487,15.369279861450195,3.488640069961548,0.05632000043988228,33.52320098876953
0.001,0.0,86,1,16849402.071772825,40,78,9.930432319641113,4.5469441413879395,1.4864000529050827,0.029632000252604485,14.916095733642578,3.589792013168335,0.0562559999525547,33.17827224731445
0.001,0.0,86,1,17462517.667877614,40,79,9.960000038146973,4.58403205871582,1.3477760255336761,0.028672000393271446,14.449952125549316,3.4651520252227783,0.05427199974656105,32.528255462646484
0.001,0.0,87,1,18065924.679690998,40,80,9.936223983764648,4.70582389831543,1.3532479852437973,0.028416000306606293,14.248479843139648,3.560352087020874,0.054976001381874084,32.31587219238281
0.001,0.0,88,1,18657244.148510408,40,81,9.937824249267578,4.467648029327393,1.437151938676834,0.030719999223947525,13.600064277648926,3.392064094543457,0.05734400078654289,31.606752395629883
0.001,0.0,87,1,19234144.771303564,40,82,9.966239929199219,4.528223991394043,1.497568041086197,0.02969600073993206,15.011679649353027,3.691488027572632,0.05657599866390228,34.65420913696289
0.001,0.0,88,1,19794352.091973286,40,83,9.921055793762207,4.459136009216309,1.3555199801921844,0.03129599988460541,14.558079719543457,3.548095941543579,0.05942400172352791,32.54079818725586
0.001,0.0,89,1,20335657.468500733,40,84,9.94809627532959,4.537504196166992,1.4022079706192017,0.027648000046610832,13.275679588317871,3.510495901107788,0.05427199974656105,31.452255249023438
0.001,0.0,89,1,20855926.780613814,40,85,9.969280242919922,4.653696060180664,1.4628159701824188,0.028896000236272812,15.437503814697266,3.6501760482788086,0.055296000093221664,33.867103576660156
0.001,0.0,90,1,21353108.843650274,40,86,9.983519554138184,4.57206392288208,1.377120018005371,0.030559999868273735,14.967583656311035,3.5268800258636475,0.07487999647855759,33.22636795043945
0.001,0.0,90,1,21825243.495443508,40,87,9.976320266723633,4.511839866638184,1.8492479920387268,0.02969600073993206,13.936896324157715,4.044384002685547,0.05580800026655197,36.54576110839844
0.001,0.0,90,1,22270469.324348185,40,88,9.927776336669922,4.688608169555664,1.409535989165306,0.031039999797940254,15.567487716674805,3.7790720462799072,0.05843200162053108,34.10620880126953
0.001,0.0,89,1,22687031.00793758,40,89,9.952544212341309,4.611423969268799,1.512511968612671,0.029632000252604485,14.713536262512207,3.5985920429229736,0.05523199960589409,33.301536560058594
0.001,0.0,89,1,23073286.233439505,40,90,9.943360328674316,4.548031806945801,1.3763519376516342,0.04700800031423569,15.267040252685547,3.6227519512176514,0.0729919970035553,33.59331130981445
0.001,0.0,89,1,23427712.172626697,40,91,9.945856094360352,4.497439861297607,1.350912019610405,0.045024000108242035,14.070303916931152,3.7081921100616455,0.08671999722719193,32.40617752075195
0.001,0.0,89,1,23748911.485634133,40,92,9.956480026245117,4.5065598487854,1.402816042304039,0.029888000339269638,13.871328353881836,3.5622398853302,0.056543998420238495,32.126686096191406
0.001,0.0,89,1,24035617.830032934,40,93,9.934304237365723,4.593408107757568,1.343647986650467,0.03014400042593479,13.929311752319336,3.781248092651367,0.05734400078654289,32.36044692993164
0.001,0.0,90,1,24286700.853441153,40,94,9.934783935546875,4.658368110656738,1.5393279492855072,0.028736000880599022,14.104640007019043,3.5929598808288574,0.05532800033688545,32.52092742919922
0.001,0.0,89,1,24501170.649987787,40,95,9.94979190826416,4.511328220367432,1.375328004360199,0.028991999104619026,14.54537582397461,3.7219200134277344,0.05478399991989136,32.88515090942383
0.001,0.0,89,1,24678181.663060226,40,96,9.935359954833984,4.539999961853027,1.4420800060033798,0.03030399978160858,15.328960418701172,3.459552049636841,0.05696000158786774,33.476768493652344
0.001,0.0,88,1,24817036.01894843,40,97,9.954976081848145,4.644383907318115,1.4025919735431671,0.031936001032590866,14.78377628326416,3.660128116607666,0.08902399986982346,33.076480865478516
0.001,0.0,88,1,24917186.278242745,40,98,9.946016311645508,4.625376224517822,1.384256049990654,0.05734400078654289,14.64521598815918,3.39190411567688,0.08396799862384796,32.7360954284668
0.001,0.0,89,1,24978237.594137866,40,99,9.947039604187012,4.487936019897461,1.39164799451828,0.02953599952161312,14.676128387451172,3.6649279594421387,0.055135998874902725,32.945377349853516
0.001,0.0,94,1,24999949.269133754,40,100,9.98310375213623,4.6912641525268555,1.4379840642213821,0.031647998839616776,15.416064262390137,3.8071680068969727,0.06032000109553337,34.04326248168945
0.001,0.0,88,1,24982235.703996107,40,101,9.982303619384766,4.562592029571533,1.3551040440797806,0.02969600073993206,14.298784255981445,3.308799982070923,0.05657599866390228,32.28927993774414
0.001,0.0,93,1,24925166.735235136,40,102,9.953727722167969,4.86678409576416,1.4974720031023026,0.028863999992609024,15.512736320495605,3.5971200466156006,0.05580800026655197,33.910560607910156
0.001,0.0,93,1,24828967.359772027,40,103,9.944864273071289,4.559872150421143,1.3586239963769913,0.06876800209283829,13.991711616516113,3.747040033340454,0.10175999999046326,32.27910232543945
0.001,0.0,93,1,24694016.84787868,40,104,9.95030403137207,4.658720016479492,1.39260795712471,0.04310400038957596,14.01801586151123,3.7985599040985107,0.08499199897050858,32.39446258544922
0.001,0.0,82,1,24520847.24788798,40,105,9.958911895751953,4.621119976043701,1.3780159652233124,0.030271999537944794,13.383904457092285,3.399519920349121,0.057023998349905014,31.293184280395508
0.001,0.0,93,1,24310141.28856981,40,106,9.922783851623535,4.569087982177734,1.3915840536355972,0.029920000582933426,15.311936378479004,3.9613120555877686,0.056384000927209854,33.97663879394531
0.001,0.0,93,1,24062729.687442847,40,107,9.939871788024902,4.580448150634766,1.3469120115041733,0.04278400167822838,14.914463996887207,3.6007039546966553,0.08860799670219421,33.03852844238281
0.001,0.0,93,1,23779587.87563416,40,108,9.961952209472656,4.600895881652832,1.4940160065889359,0.029888000339269638,16.546112060546875,3.8490240573883057,0.0586559996008873,35.130367279052734
0.001,0.0,94,1,23461832.152199067,40,109,9.933279991149902,4.681280136108398,1.3672319799661636,0.03209599852561951,15.584671974182129,3.749023914337158,0.059776000678539276,33.90480041503906
0.001,0.0,93,1,23110715.283062987,40,110,9.969599723815918,4.636096000671387,1.3555520176887512,0.031039999797940254,14.990431785583496,3.465536117553711,0.06047999858856201,33.095008850097656
0.001,0.0,93,1,22727621.561936628,40,111,9.970975875854492,4.534815788269043,1.367680013179779,0.03142400085926056,14.900959968566895,3.679647922515869,0.05993599817156792,33.23881530761719
0.001,0.0,93,1,22314061.35267709,40,112,9.947680473327637,4.610047817230225,1.379136011004448,0.02969600073993206,13.663455963134766,3.7900800704956055,0.08191999793052673,32.045536041259766
0.001,0.0,93,1,21871665.13461192,40,113,9.966143608093262,4.566847801208496,1.3503680378198624,0.050175998359918594,14.34166431427002,3.5649919509887695,0.09446399658918381,32.53718566894531
0.001,0.0,93,1,21402177.07430256,40,114,9.962623596191406,4.677311897277832,1.3967679738998413,0.05923200026154518,14.444191932678223,3.715424060821533,0.11443199962377548,32.83116912841797
0.001,0.0,94,1,20907448.149090927,40,115,9.956480026245117,4.651199817657471,1.3430720418691635,0.02969600073993206,14.649663925170898,3.6862399578094482,0.05558399856090546,32.839969635009766
0.001,0.0,93,1,20389428.849539775,40,116,10.029984474182129,4.552703857421875,1.3485760241746902,0.028704000636935234,13.739104270935059,3.6419520378112793,0.055456001311540604,32.01472091674805
0.001,0.0,85,1,19850161.489537805,40,117,9.946240425109863,4.520544052124023,1.3559039533138275,0.030592000111937523,13.434592247009277,3.3096001148223877,0.057472001761198044,31.338943481445312
0.001,0.0,79,1,19291772.154387258,40,118,9.950176239013672,4.640255928039551,1.3752319812774658,0.028672000393271446,14.717120170593262,3.3112640380859375,0.05632000043988228,32.69126510620117
0.001,0.0,84,1,18716462.31861903,40,119,9.928895950317383,4.627999782562256,1.4024320095777512,0.0297279991209507,14.886528015136719,3.3467841148376465,0.056223999708890915,32.88240051269531
0.001,0.0,84,1,18126500.166582465,40,120,9.955648422241211,4.51855993270874,1.4148799628019333,0.028896000236272812,15.034144401550293,3.5379199981689453,0.05632000043988228,33.3197135925293
0.001,0.0,84,1,17524211.650028676,40,121,9.955103874206543,4.591360092163086,1.338176041841507,0.02969600073993206,15.2673921585083,3.5789759159088135,0.05580800026655197,33.625057220458984
0.001,0.0,84,1,16911971.31794344,40,122,9.965375900268555,4.7038397789001465,1.3600639551877975,0.0756480023264885,14.253536224365234,3.5476479530334473,0.12992000579833984,32.44819259643555
0.001,0.0,83,1,16292192.954783283,40,123,9.960415840148926,4.8243842124938965,1.3689279407262802,0.02956799976527691,14.640128135681152,3.536832094192505,0.056832000613212585,32.9304313659668
0.001,0.0,77,1,15667320.06402403,40,124,9.958880424499512,4.465824127197266,1.3613440096378326,0.028672000393271446,14.198816299438477,3.254175901412964,0.05459199845790863,31.966079711914062
0.001,0.0,73,1,15039816.234540788,40,125,9.953184127807617,4.491424083709717,0.9199679791927338,0.029888000339269638,13.658944129943848,3.9045441150665283,0.05632000043988228,32.839839935302734
0.001,0.0,76,1,14412155.427800389,40,126,10.01318359375,4.670080184936523,1.3830400109291077,0.029152000322937965,13.859135627746582,3.3640639781951904,0.05663999915122986,31.91904067993164
0.001,0.0,76,1,13786812.224159418,40,127,9.938079833984375,4.658368110656738,1.3796480298042297,0.029759999364614487,14.677408218383789,3.140768051147461,0.056543998420238495,32.35065460205078
0.001,0.0,76,1,13166252.066722194,40,128,10.07369613647461,4.696703910827637,1.3666239827871323,0.04927999898791313,15.583231925964355,3.356640100479126,0.07884799689054489,33.68950271606445
0.001,0.0,76,1,12552921.541222919,40,129,9.939423561096191,4.75929594039917,1.4803520441055298,0.02969600073993206,15.461695671081543,3.285088062286377,0.05555199831724167,33.4600944519043
0.001,0.0,90,1,11949238.730253607,40,130,9.922368049621582,4.623807907104492,1.38611201941967,0.029343999922275543,15.556960105895996,3.7155840396881104,0.055296000093221664,33.89945602416992
0.001,0.0,93,1,11357583.679867167,40,131,9.965312004089355,4.6216959953308105,1.2823680192232132,0.028960000723600388,15.80406379699707,3.7374720573425293,0.055296000093221664,35.11228942871094
0.001,0.0,91,1,10780289.016140964,40,132,9.947775840759277,4.480224132537842,1.345599964261055,0.02879999950528145,15.215200424194336,3.6695680618286133,0.05523199960589409,33.45907211303711
0.001,0.0,90,1,10219630.748695897,40,133,9.938976287841797,4.543327808380127,1.361247941851616,0.02937600016593933,15.220671653747559,3.5729598999023438,0.05692800134420395,33.343326568603516
0.001,0.0,90,1,9677819.297428336,40,134,9.954560279846191,4.488639831542969,1.5072319507598877,0.029823999851942062,14.801024436950684,3.5687038898468018,0.057151999324560165,33.40409469604492
0.01900000000000001,0.18,60,1,9156990.777832285,40,135,9.930560111999512,4.461184024810791,10.830623865127563,0.03174399957060814,13.651776313781738,3.379136085510254,0.07516799867153168,41.029598236083984
0.04500000000000003,0.42,78,1,8659198.57927014,40,136,9.985823631286621,4.637695789337158,23.489087522029877,0.030271999537944794,14.169792175292969,2.670880079269409,0.057920001447200775,53.64915084838867
0.009000000000000001,0.08,66,1,8186405.269394652,40,137,10.025407791137695,4.660768032073975,5.373248144984245,0.02985600009560585,15.666912078857422,2.562527894973755,0.056384000927209854,36.86211013793945
0.008,0.08,67,1,7740474.856639634,40,138,9.948831558227539,4.656991958618164,4.969472035765648,0.028543999418616295,14.0862398147583,2.643264055252075,0.05478399991989136,35.0392951965332
0.004,0.04,77,1,7323165.441284642,40,139,9.945759773254395,4.949696063995361,2.985536068677902,0.031968001276254654,14.976127624511719,2.6618239879608154,0.06220800057053566,33.756065368652344
0.005,0.04,67,1,6936122.284067283,40,140,9.952927589416504,4.57747220993042,3.42079995572567,0.02876799926161766,14.667391777038574,2.484127998352051,0.05596800148487091,33.82441711425781
0.007,0.06,74,1,6580871.319670279,40,141,9.954655647277832,4.711296081542969,4.3856638967990875,0.02969600073993206,14.752351760864258,2.66483211517334,0.055296000093221664,35.047393798828125
0.006,0.05,76,1,6258813.140656849,40,142,9.965375900268555,4.679423809051514,4.0220480263233185,0.031007999554276466,15.625632286071777,2.6960959434509277,0.0597120001912117,35.631649017333984
0.006,0.05,75,1,5971217.475572914,40,143,9.952735900878906,4.586400032043457,4.133248016238213,0.028863999992609024,14.63321590423584,2.5897600650787354,0.05475199967622757,34.535423278808594
0.007,0.06,74,1,5719218.182986345,40,144,9.93660831451416,4.661375999450684,4.424416109919548,0.031007999554276466,15.127776145935059,2.6480000019073486,0.05939200147986412,35.37385559082031
0.059000000000000045,0.52,67,1,5503808.7811997365,40,145,9.949151992797852,4.6169281005859375,30.045632168650627,0.029184000566601753,14.742079734802246,2.6149120330810547,0.05580800026655197,60.6231689453125
0.10500000000000008,0.78,60,1,5325838.531260695,40,146,9.94377613067627,4.588799953460693,52.711041301488876,0.029311999678611755,13.357983589172363,2.5193281173706055,0.05593600124120712,81.81330871582031
0.1470000000000001,0.91,61,1,5186009.088712838,40,147,9.95680046081543,4.923711776733398,72.4845411926508,0.11417599767446518,19.547903060913086,2.4657280445098877,0.17263999581336975,107.80540466308594
0.1480000000000001,0.91,61,1,5084871.737287886,40,148,9.960415840148926,4.843679904937744,72.80569964647293,0.030112000182271004,14.577664375305176,2.436448097229004,0.058687999844551086,103.09616088867188
0.06900000000000005,0.56,61,1,5022825.215445314,40,149,9.94057559967041,4.5614399909973145,34.949344620108604,0.03215999901294708,13.628864288330078,2.50217604637146,0.09257599711418152,64.3538589477539
0.03400000000000002,0.3,61,1,5000114.144328419,40,150,9.954079627990723,4.465375900268555,17.548287570476532,0.0289280004799366,13.31987190246582,2.5239040851593018,0.056352000683546066,46.5601921081543
0.023000000000000013,0.21,62,1,5016828.063334689,40,151,9.944255828857422,4.494016170501709,12.352640077471733,0.028991999104619026,13.515839576721191,2.7267520427703857,0.05564799904823303,41.838111877441406
0.022000000000000013,0.21,61,1,5072901.07710279,40,152,9.955103874206543,4.616415977478027,11.926752462983131,0.029600000008940697,14.822624206542969,2.4354240894317627,0.05567999929189682,42.43580627441406
0.02900000000000002,0.27,61,1,5168112.115307933,40,153,9.951199531555176,4.788447856903076,15.393919721245766,0.031039999797940254,13.849023818969727,2.5886080265045166,0.058368001133203506,45.07222366333008
0.026000000000000016,0.24,61,1,5302085.804241352,40,154,9.948063850402832,4.778624057769775,13.88012757897377,0.030719999223947525,14.64844799041748,2.6419200897216797,0.05939200147986412,44.36716842651367
0.022000000000000013,0.21,62,1,5474293.946737679,40,155,9.951423645019531,4.5188798904418945,11.971839800477028,0.029664000496268272,13.763744354248047,2.6765758991241455,0.05596800148487091,41.65411376953125
0.02100000000000001,0.2,63,1,5684057.604615524,40,156,9.95366382598877,4.516096115112305,11.280447959899902,0.043807998299598694,15.059136390686035,2.5919039249420166,0.06950400024652481,42.20550537109375
0.024000000000000014,0.22,62,1,5930549.775421107,40,157,10.00931167602539,4.501408100128174,12.628800079226494,0.028575999662280083,13.595040321350098,2.6981759071350098,0.0551999993622303,42.33059310913086
0.016000000000000007,0.15,61,1,6212798.65292188,40,158,9.937376022338867,4.639264106750488,9.288031801581383,0.050624001771211624,16.348831176757812,2.6849279403686523,0.0788159966468811,41.86227035522461
0.022000000000000013,0.2,61,1,6529691.458495315,40,159,9.950495719909668,4.683040142059326,11.768319711089134,0.02956799976527691,14.24294376373291,2.628959894180298,0.05619199946522713,41.8474235534668
0.02100000000000001,0.19,62,1,6879978.828307669,40,160,9.958751678466797,4.616159915924072,11.264703959226608,0.04608000069856644,15.684864044189453,2.679935932159424,0.08089599758386612,42.85385513305664
0.01800000000000001,0.17,62,1,7262279.7389858095,40,161,9.995200157165527,4.628704071044922,9.883648246526718,0.047680001705884933,14.86729621887207,2.5857279300689697,0.07443200051784515,40.655616760253906
0.01800000000000001,0.16,68,1,7675086.952362723,40,162,9.934176445007324,4.665887832641602,9.930943727493286,0.10892800241708755,16.6595516204834,2.6547200679779053,0.14336000382900238,42.40915298461914
0.009000000000000001,0.08,64,1,8116772.95783028,40,163,9.954431533813477,4.627488136291504,5.61542421579361,0.030400000512599945,15.10863971710205,2.539776086807251,0.05801599845290184,36.48406219482422
0.009000000000000001,0.08,64,1,8585596.388871465,40,164,9.952863693237305,4.761631965637207,5.414623901247978,0.04303999990224838,13.81833553314209,2.5847361087799072,0.06982400268316269,34.97760009765625
0.008,0.07,65,1,9079708.88847451,40,165,9.944064140319824,4.6168317794799805,5.049535796046257,0.03049599938094616,14.033920288085938,2.704416036605835,0.05711999908089638,34.985633850097656
0.004,0.03,65,1,9597162.396361725,40,166,10.027104377746582,4.580959796905518,3.216415897011757,0.028672000393271446,15.576031684875488,2.669408082962036,0.05427199974656105,34.75078582763672
0.005,0.04,62,1,10135916.829302987,40,167,9.984928131103516,4.555327892303467,3.459104001522064,0.028672000393271446,13.57481575012207,3.2981441020965576,0.055296000093221664,33.5175666809082
0.005,0.04,69,1,10693848.124233533,40,168,9.93785572052002,4.59987211227417,3.4614079296588898,0.028543999418616295,14.34438419342041,2.720832109451294,0.09920000284910202,33.661888122558594
0.002,0.01,77,1,11268756.612466222,40,169,9.965087890625,10.818143844604492,2.211328089237213,0.03254399821162224,22.317216873168945,3.6797120571136475,0.06124800071120262,41.75347137451172
0.001,0.0,61,1,11858375.691982016,40,170,9.935808181762695,4.841311931610107,1.327487975358963,0.029279999434947968,14.307104110717773,3.0908799171447754,0.055904000997543335,31.969247817993164
0.002,0.01,81,1,12460380.763608312,40,171,9.942303657531738,4.48195219039917,1.8755840510129929,0.028960000723600388,13.984928131103516,2.717344045639038,0.055296000093221664,31.761791229248047
0.002,0.01,94,1,13072398.395853462,40,172,9.928671836853027,4.437952041625977,1.997023954987526,0.028896000236272812,14.029120445251465,4.04691219329834,0.05539200082421303,33.345375061035156
0.001,0.0,60,1,13692015.682264823,40,173,9.944543838500977,4.525856018066406,1.3841599971055984,0.02908799983561039,14.20035171508789,3.0902719497680664,0.055296000093221664,32.06876754760742
0.002,0.01,94,1,14316789.754418785,40,174,9.941472053527832,4.593567848205566,1.9479679465293884,0.030688000842928886,15.675456047058105,3.779776096343994,0.06038400158286095,34.69891357421875
0.001,0.01,98,1,14944257.413036898,40,175,9.928223609924316,4.4925761222839355,1.3587520271539688,0.04710400104522705,14.264127731323242,4.237215995788574,0.09011200070381165,33.1247673034668
0.001,0.0,70,1,15571944.839257596,40,176,9.95907211303711,4.571872234344482,1.3728960007429123,0.029184000566601753,13.464608192443848,3.245055913925171,0.05580800026655197,31.198368072509766
0.001,0.0,63,1,16197377.347775798,40,177,9.949631690979004,4.610688209533691,1.4774079471826553,0.030719999223947525,15.249823570251465,3.1364479064941406,0.05939200147986412,33.164894104003906
0.001,0.0,69,1,16818089.14339876,40,178,9.954079627990723,4.675295829772949,1.3399360626935959,0.0453759990632534,15.311552047729492,2.3698880672454834,0.07398399710655212,32.18812942504883
0.001,0.0,69,1,17431633.04255212,40,179,9.952799797058105,4.563263893127441,1.4962879568338394,0.029983999207615852,13.685728073120117,2.469759941101074,0.05734400078654289,30.891647338867188
0.001,0.0,69,1,18035590.121408768,40,180,9.943424224853516,4.517375946044922,1.3670720010995865,0.028672000393271446,14.279775619506836,2.483936071395874,0.05632000043988228,31.317535400390625
0.001,0.0,69,1,18627579.252602644,40,181,9.970911979675293,4.710271835327148,1.4383040070533752,0.02969600073993206,15.40828800201416,2.5787839889526367,0.056095998734235764,32.741695404052734
0.001,0.0,90,1,19205266.492928043,40,182,9.951744079589844,4.606880187988281,1.4023680239915848,0.029184000566601753,15.694368362426758,3.426527976989746,0.0549440011382103,33.6927375793457
0.001,0.0,96,1,19766374.285013568,40,183,9.961376190185547,4.71011209487915,1.3705919682979584,0.029311999678611755,15.306048393249512,4.513279914855957,0.055904000997543335,34.61769485473633
0.001,0.0,95,1,20308690.436692163,40,184,9.959487915039062,4.6378560066223145,1.3535039573907852,0.028672000393271446,15.462112426757812,3.5274240970611572,0.05567999929189682,33.56691360473633
0.001,0.0,94,1,20830076.842666227,40,185,9.934207916259766,4.490015983581543,1.3879680037498474,0.02953599952161312,14.677151679992676,3.465280055999756,0.05708799883723259,32.6715202331543
0.001,0.0,93,1,21328477.91408181,40,186,9.945599555969238,4.564064025878906,1.4040320068597794,0.028831999748945236,13.94540786743164,3.602816104888916,0.055296000093221664,32.06351852416992
0.001,0.0,93,1,21801928.682778087,40,187,9.926079750061035,4.541791915893555,1.459008052945137,0.0318400003015995,15.182208061218262,3.754879951477051,0.07065600156784058,33.61222457885742
0.001,0.0,93,1,22248562.548260927,40,188,9.954303741455078,4.542816162109375,1.3743039965629578,0.04505600035190582,13.934592247009277,3.7329280376434326,0.07215999811887741,32.29423904418945
0.001,0.0,93,1,22666618.63685742,40,189,9.934687614440918,4.591296195983887,1.3906880170106888,0.029823999851942062,14.753472328186035,3.5669760704040527,0.05734400078654289,32.94764709472656
0.001,0.0,93,1,23054448.74403787,40,190,9.962143898010254,4.557184219360352,1.3709120005369186,0.0297279991209507,13.845279693603516,3.6739840507507324,0.05628800019621849,32.10822296142578
0.001,0.0,95,1,23410523.832534663,40,191,9.972991943359375,4.605855941772461,1.347136065363884,0.08019199967384338,14.97372817993164,3.6817920207977295,0.14550399780273438,33.27705764770508
0.001,0.0,93,1,23733440.060639046,40,192,9.987648010253906,4.70911979675293,1.364928051829338,0.02908799983561039,15.098527908325195,3.65120005607605,0.055743999779224396,33.36064147949219
0.001,0.0,89,1,24021924.316908795,40,193,9.955679893493652,4.639232158660889,1.4657919853925705,0.028991999104619026,14.770751953125,3.4423999786376953,0.055296000093221664,32.89033508300781
0.001,0.0,94,1,24274839.239466168,40,194,9.976736068725586,4.544832229614258,1.3774719685316086,0.03280000016093254,14.722208023071289,3.776063919067383,0.07414399832487106,33.17113494873047
0.001,0.0,94,1,24491187.700097136,40,195,9.958527565002441,4.605152130126953,1.4858239591121674,0.03283200040459633,14.885824203491211,3.776416063308716,0.07283200323581696,33.36207962036133
0.001,0.0,88,1,24670116.735473238,40,196,9.970399856567383,4.655072212219238,1.250368021428585,0.032896000891923904,14.879424095153809,3.5536000728607178,0.08671999722719193,33.63363265991211
0.001,0.0,82,1,24810920.909997094,40,197,9.937536239624023,4.516960144042969,1.349088042974472,0.028672000393271446,13.738207817077637,3.232896089553833,0.05427199974656105,31.52400016784668
0.001,0.0,96,1,24913045.09701325,40,198,9.94166374206543,4.602272033691406,1.6423359960317612,0.02860799990594387,16.257951736450195,4.149216175079346,0.05523199960589409,35.78668975830078
0.001,0.0,99,1,24976086.66741948,40,199,9.921504020690918,4.481503963470459,1.48825603723526,0.02953599952161312,14.571743965148926,4.460608005523682,0.05587200075387955,33.841888427734375
0.001,0.0,98,1,24999797.077049732,40,200,9.944864273071289,4.532224178314209,1.5096319913864136,0.028672000393271446,14.054559707641602,3.955519914627075,0.05536000058054924,32.79091262817383
