pruning_thresh,quality,technique,bandwidth,mAP_drop,frame_id,model_head_time,model_tail_time,framework_head_time,framework_tail_time,framework_response_time,compression_time,decompression_time,overall_time
0,100,1,34970430.91989335,40,1,234.05276489257812,4.518335819244385,99.09366098046303,0.029503999277949333,19.710304260253906,50.80409622192383,0.056543998420238495,409.0413513183594
0,90,1,34881840.25697317,40,2,9.898367881774902,4.670112133026123,1.103744015097618,0.03126399964094162,14.925503730773926,2.5226879119873047,0.06028800085186958,32.46134567260742
0,80,1,34734577.28382728,40,3,9.879551887512207,4.566592216491699,1.0181120038032532,0.030559999868273735,14.52729606628418,2.5829761028289795,0.07766400277614594,31.06447982788086
0,70,1,34529222.59120898,40,4,9.910176277160645,4.525119781494141,1.2482559829950333,0.029983999207615852,15.562784194946289,3.723583936691284,0.056671999394893646,34.49308776855469
0,60,1,34266585.79903243,40,5,9.9335355758667,4.514368057250977,1.2418559789657593,0.029600000008940697,14.87065601348877,2.628416061401367,0.05724800005555153,32.26108932495117
0,50,1,33947702.364410535,40,6,9.897791862487793,4.540768146514893,1.3615360110998154,0.028736000880599022,16.216224670410156,2.8624320030212402,0.05526399984955788,34.42777633666992
0.05,100,1,33573829.49931972,40,7,9.905216217041016,4.611487865447998,1.2839999794960022,0.02985600009560585,14.246720314025879,5.255551815032959,0.05708799883723259,34.276031494140625
0.05,90,1,33146441.213986304,40,8,9.891488075256348,4.6036481857299805,1.3323519825935364,0.029888000339269638,15.068575859069824,2.9870400428771973,0.05619199946522713,33.395870208740234
0.05,80,1,32667222.505536392,40,9,9.876704216003418,4.504415988922119,1.1697280257940292,0.02969600073993206,14.991456031799316,3.131455898284912,0.05632000043988228,32.47734451293945
0.05,70,1,32138062.71482048,40,10,9.900416374206543,5.067391872406006,1.292832002043724,0.029503999277949333,15.553824424743652,3.6391680240631104,0.05628800019621849,34.975711822509766
0.05,60,1,31561048.077604026,40,11,9.908960342407227,4.629280090332031,1.3051520138978958,0.03174399957060814,18.049055099487305,4.295423984527588,0.060416001826524734,37.56428909301758
0.05,50,1,30938453.499491103,40,12,9.93552017211914,4.752992153167725,1.2735039442777634,0.030688000842928886,16.59343910217285,3.483839988708496,0.057312000542879105,35.30227279663086
0.1,100,1,30272733.58700893,40,13,9.919648170471191,4.5610880851745605,1.5523199439048767,0.02879999950528145,16.545759201049805,5.525248050689697,0.055296000093221664,38.235809326171875
0.1,90,1,29566512.970213614,40,14,10.001215934753418,4.500768184661865,1.4135999530553818,0.029664000496268272,16.08233642578125,3.937664031982422,0.05728000029921532,36.80323028564453
0.1,80,1,28822575.954970628,40,15,9.934432029724121,4.592895984649658,1.73676797747612,0.04185599833726883,16.068639755249023,4.047135829925537,0.08073599636554718,36.94281768798828
0.1,70,1,28043855.54570636,40,16,9.93228816986084,4.520415782928467,1.4246400594711304,0.02969600073993206,16.476224899291992,3.702176094055176,0.05660799890756607,36.142974853515625
0.1,60,1,27233421.88190912,40,17,9.927712440490723,4.618847846984863,1.3549759835004807,0.048128001391887665,17.66592025756836,3.667072057723999,0.0759039968252182,37.72028732299805
0.1,50,1,26394470.13396903,40,18,9.947999954223633,4.525440216064453,1.3733760565519333,0.029440000653266907,17.010112762451172,3.6180479526519775,0.05580800026655197,36.38383865356445
0.15,100,1,25530307.90607815,40,19,9.954272270202637,4.553887844085693,1.47324800491333,0.029152000322937965,16.002559661865234,4.8079681396484375,0.05632000043988228,36.550750732421875
0.15,90,1,24644342.19585536,40,20,9.924223899841309,4.528351783752441,1.228927955031395,0.02969600073993206,15.353631973266602,3.725503921508789,0.056352000683546066,34.72480010986328
0.15,80,1,23740065.962108318,40,21,9.901535987854004,4.589888095855713,1.1088640093803406,0.03190400078892708,16.66739273071289,3.5458240509033203,0.06115199998021126,34.63481521606445
0.15,70,1,22821044.35368957,40,22,9.904095649719238,4.570079803466797,1.2506559789180756,0.0307839997112751,16.16422462463379,3.6001598834991455,0.05852799862623215,35.166561126708984
0.15,60,1,21890900.65374034,40,23,9.929856300354004,4.582848072052002,1.6731520295143127,0.028511999174952507,15.633407592773438,3.6196799278259277,0.054368000477552414,35.489952087402344
0.15,50,1,20953301.994737215,40,24,9.92950439453125,4.467904090881348,1.2584640383720398,0.032127998769283295,15.133824348449707,3.5845439434051514,0.060416001826524734,33.91427230834961
0.2,100,1,20011944.900661,40,25,9.925248146057129,4.453695774078369,1.1851200014352798,0.029184000566601753,15.616800308227539,4.961023807525635,0.05632000043988228,35.27772903442383
0.2,90,1,19070540.71328818,40,26,10.015775680541992,4.618112087249756,1.23756805062294,0.03177599981427193,17.423904418945312,3.7507519721984863,0.06022400036454201,36.23455810546875
0.2,80,1,18132800.960062645,40,27,9.91926383972168,4.610367774963379,1.5173439383506775,0.02879999950528145,15.782272338867188,3.7593600749969482,0.05427199974656105,36.43056106567383
0.2,70,1,17202422.721235376,40,28,9.921183586120605,4.545760154724121,1.3021439611911774,0.028672000393271446,16.619583129882812,3.6558079719543457,0.05459199845790863,36.18396759033203
0.2,60,1,16283074.053962823,40,29,9.900064468383789,4.59065580368042,1.1554559767246246,0.029184000566601753,16.157535552978516,3.653599977493286,0.05564799904823303,34.407039642333984
0.2,50,1,15378379.530830115,40,30,9.8920316696167,4.582911968231201,1.3326400369405746,0.034143999218940735,17.58252716064453,3.6545279026031494,0.06656000018119812,37.12966537475586
0.25,100,1,14491905.949814126,40,31,9.943519592285156,4.585087776184082,1.52742400765419,0.053279999643564224,16.612192153930664,4.293056011199951,0.09932799637317657,37.49900817871094
0.25,90,1,13627148.272025462,40,32,9.931039810180664,4.661312103271484,1.381792038679123,0.031199999153614044,17.2587833404541,3.6735360622406006,0.05990400165319443,36.7151985168457
0.25,80,1,12787515.842670444,40,33,9.941568374633789,4.5563201904296875,1.2266559451818466,0.02924799919128418,16.195999145507812,3.6581759452819824,0.05587200075387955,34.658145904541016
0.25,70,1,11976318.949557556,40,34,9.951871871948242,10.950559616088867,1.4382719844579697,0.029279999434947968,22.555391311645508,3.7310080528259277,0.056063998490571976,42.01065444946289
0.25,60,1,11196755.77214211,40,35,10.002655982971191,4.4976959228515625,1.437279999256134,0.03017600066959858,16.607040405273438,3.713696002960205,0.05734400078654289,36.37891387939453
0.25,50,1,10451899.77256292,40,36,9.973376274108887,4.547232151031494,1.3734720647335052,0.029920000582933426,15.24118423461914,3.359391927719116,0.05648000165820122,33.499935150146484
0.35,100,1,9744687.57838259,40,37,9.910240173339844,4.5698561668396,1.196032002568245,0.02940800040960312,15.127872467041016,3.50598406791687,0.07446400076150894,33.14748764038086
0.35,90,1,9077907.404804064,40,38,9.915167808532715,4.955167770385742,1.241600051522255,0.030719999223947525,16.07062339782715,3.2516160011291504,0.05657599866390228,35.199649810791016
0.35,80,1,8454188.062009484,40,39,9.901663780212402,4.4929280281066895,1.378400057554245,0.029152000322937965,15.239775657653809,3.4915199279785156,0.05632000043988228,34.93315124511719
0.35,70,1,7875988.590960344,40,40,9.93286418914795,4.539487838745117,1.3184320628643036,0.029920000582933426,16.618688583374023,3.368351936340332,0.056832000613212585,35.298622131347656
0.35,60,1,7345588.568520261,40,41,9.90659236907959,4.660160064697266,1.5616320222616196,0.028672000393271446,16.391712188720703,3.5297598838806152,0.054336000233888626,35.33145523071289
0.35,50,1,6865079.120122829,40,42,9.949407577514648,4.594079971313477,1.3222400546073914,0.030559999868273735,14.348095893859863,3.292992115020752,0.05724800005555153,33.6561279296875
0,100,1,6436354.675417615,40,43,9.91379165649414,4.611968040466309,1.403616040945053,0.029503999277949333,17.602495193481445,5.199456214904785,0.05648000165820122,38.4854736328125
0,90,1,6061105.49939784,40,44,9.927871704101562,4.429855823516846,1.6429760456085205,0.02969600073993206,14.959391593933105,3.5477120876312256,0.05632000043988228,34.73235321044922
0,80,1,5740811.028456267,40,45,9.905695915222168,4.536575794219971,1.1584320068359375,0.02969600073993206,16.199264526367188,3.333120107650757,0.05734400078654289,34.05116653442383
0,70,1,5476734.037642086,40,46,9.905664443969727,4.513792037963867,1.2961920201778412,0.029472000896930695,15.618464469909668,3.3488640785217285,0.05596800148487091,35.21072006225586
0,60,1,5269915.662114728,40,47,9.901023864746094,4.4688639640808105,1.4785280376672745,0.03171199932694435,15.87769603729248,3.5181119441986084,0.07561600208282471,35.58051300048828
0,50,1,5121171.292422662,40,48,9.983807563781738,4.612480163574219,1.4430399388074875,0.030719999223947525,17.354272842407227,3.319999933242798,0.05862399935722351,36.530433654785156
0.05,100,1,5031087.359790262,40,49,9.893024444580078,4.759615898132324,1.2697919458150864,0.029503999277949333,16.811071395874023,5.754752159118652,0.05612799897789955,37.895233154296875
0.05,90,1,5000019.0240869075,40,50,9.97606372833252,4.563295841217041,1.4236800521612167,0.030719999223947525,16.91606330871582,3.9965760707855225,0.058368001133203506,37.366241455078125
0.05,80,1,5028088.773593556,40,51,9.949472427368164,4.63097620010376,1.4950080066919327,0.02969600073993206,16.134048461914062,4.075520038604736,0.055776000022888184,37.52998352050781
0.05,70,1,5115185.942087313,40,52,9.903200149536133,4.913760185241699,1.3340799659490585,0.07884799689054489,20.67136001586914,3.777440071105957,0.12800000607967377,39.38684844970703
0.05,60,1,5260967.145147875,40,53,9.9486083984375,4.463103771209717,1.4395200461149216,0.02956799976527691,17.062719345092773,4.048223972320557,0.0544000007212162,36.80495834350586
0.05,50,1,5464857.633965731,40,54,9.933792114257812,4.6051201820373535,1.5010240077972412,0.030112000182271004,17.19215965270996,4.203455924987793,0.05734400078654289,38.675743103027344
0.1,100,1,5726053.561314635,40,55,10.034815788269043,4.581888198852539,1.5392640233039856,0.030047999694943428,18.064895629882812,6.7047038078308105,0.05734400078654289,41.33340835571289
0.1,90,1,6043525.150754677,40,56,9.964896202087402,4.608384132385254,1.6297599971294403,0.030880000442266464,18.563264846801758,4.825695991516113,0.060416001826524734,39.89059066772461
0.1,80,1,6416020.756571224,40,57,9.946432113647461,4.586880207061768,1.613024041056633,0.03209599852561951,16.652992248535156,4.142591953277588,0.06067200005054474,36.66883087158203
0.1,70,1,6842071.7984432485,40,58,9.921024322509766,4.598400115966797,1.659135952591896,0.0315839983522892,18.319103240966797,4.22057580947876,0.061503998935222626,38.32227325439453
0.1,60,1,7319998.551385863,40,59,9.956128120422363,4.579648017883301,1.4983360022306442,0.02985600009560585,16.625728607177734,4.358528137207031,0.07756800204515457,37.20256042480469
0.1,50,1,7847916.768140011,40,60,9.953344345092773,4.481152057647705,1.4052800089120865,0.029472000896930695,17.921472549438477,4.287295818328857,0.056095998734235764,37.71104049682617
0.15,100,1,8423745.107900238,40,61,9.933343887329102,4.5739521980285645,1.4895039647817612,0.02969600073993206,17.562271118164062,6.710944175720215,0.05632000043988228,39.69510269165039
0.15,90,1,9045213.342092402,40,62,9.956352233886719,4.7296319007873535,1.6159999519586563,0.029472000896930695,17.57993507385254,4.973120212554932,0.05516799911856651,38.876705169677734
0.15,80,1,9709871.304849759,40,63,9.953760147094727,4.7606401443481445,1.660992056131363,0.03161599859595299,17.62201690673828,4.47046422958374,0.061216000467538834,39.035518646240234
0.15,70,1,10415098.552899739,40,64,9.970815658569336,4.47430419921875,1.5304319560527802,0.028991999104619026,17.177440643310547,4.311967849731445,0.055296000093221664,37.73497772216797
0.15,60,1,11158114.696776876,40,65,9.96288013458252,4.570303916931152,1.4241919666528702,0.045951999723911285,17.049440383911133,4.107776165008545,0.07462400197982788,37.04092788696289
0.15,50,1,11935990.362630645,40,66,9.978752136230469,4.521535873413086,1.6723199933767319,0.02969600073993206,17.727264404296875,4.383264064788818,0.056352000683546066,38.195457458496094
0.2,100,1,12745658.741410851,40,67,9.965567588806152,4.8552961349487305,1.616096019744873,0.02969600073993206,17.939071655273438,5.57209587097168,0.05632000043988228,41.49862289428711
0.2,90,1,13583927.679897219,40,68,9.98259162902832,4.669439792633057,1.6255359947681427,0.03139200061559677,17.50351905822754,4.428383827209473,0.06006399914622307,38.72208023071289
0.2,80,1,14447492.265904002,40,69,9.956352233886719,4.557407855987549,1.4109760224819183,0.0297279991209507,17.333343505859375,4.188384056091309,0.05564799904823303,37.628929138183594
0.2,70,1,15332947.858041767,40,70,9.965344429016113,4.579648017883301,1.4300799816846848,0.03286400064826012,16.793535232543945,3.913696050643921,0.07779199630022049,37.374176025390625
0.2,60,1,16236803.508665863,40,71,9.992704391479492,4.5432000160217285,1.5991040468215942,0.02924799919128418,16.451936721801758,3.925503969192505,0.05580800026655197,36.71648025512695
0.2,50,1,17155495.727091204,40,72,9.955167770385742,4.529056072235107,1.5703039467334747,0.02985600009560585,16.48409652709961,4.058944225311279,0.05632000043988228,36.70163345336914
0.25,100,1,18085402.528811127,40,73,9.970848083496094,4.538496017456055,1.3035520315170288,0.029632000252604485,14.809280395507812,4.080287933349609,0.05593600124120712,33.89161682128906
0.25,90,1,19022857.715330712,40,74,9.918784141540527,4.5373759269714355,1.238463968038559,0.03190400078892708,18.200639724731445,3.6117119789123535,0.06047999858856201,36.675968170166016
0.25,80,1,19964165.328315776,40,75,9.922304153442383,4.64412784576416,1.2476159483194351,0.0323840007185936,15.794431686401367,3.6647679805755615,0.06143999844789505,34.353633880615234
0.25,70,1,20905614.22107119,40,76,9.9104642868042,4.6150078773498535,1.2861120104789734,0.030719999223947525,17.17807960510254,3.6583359241485596,0.057440001517534256,35.88675308227539
0.25,60,1,21843492.689900126,40,77,9.945023536682129,4.63699197769165,3.108064115047455,0.02956799976527691,16.734880447387695,4.199711799621582,0.05619199946522713,39.20006561279297
0.25,50,1,22774103.10765924,40,78,9.9684476852417,4.5649919509887695,1.5848959982395172,0.029759999364614487,16.3255672454834,4.03107213973999,0.05612799897789955,36.71696090698242
0.35,100,1,23693776.50181642,40,79,9.938495635986328,4.501408100128174,1.5991359651088715,0.02969600073993206,16.93654441833496,4.3567681312561035,0.05632000043988228,38.290401458740234
0.35,90,1,24598887.019536495,40,80,9.969887733459473,4.4552001953125,1.6304959803819656,0.029920000582933426,16.335840225219727,4.199039936065674,0.0562559999525547,36.95296096801758
0.35,80,1,25485866.22276561,40,81,9.971551895141602,4.5787200927734375,1.5369600504636765,0.02969600073993206,17.13055992126465,4.003680229187012,0.055424001067876816,37.35171127319336
0.35,70,1,26351217.156955346,40,82,9.969951629638672,4.673344135284424,1.5951999425888062,0.029152000322937965,17.445087432861328,4.220736026763916,0.07932800054550171,38.04908752441406
0.35,60,1,27191528.13795993,40,83,9.961631774902344,4.431456089019775,1.6096960306167603,0.029888000339269638,16.153087615966797,4.304031848907471,0.05632000043988228,37.38150405883789
0.35,50,1,28003486.2027511,40,84,9.942303657531738,4.4555840492248535,1.3038720041513443,0.029120000079274178,16.83148765563965,3.88972806930542,0.05475199967622757,36.09542465209961
0,100,1,28783890.170920722,40,85,9.98902416229248,4.573279857635498,1.3726079761981964,0.02969600073993206,17.640352249145508,6.127488136291504,0.055776000022888184,39.907230377197266
0,90,1,29529663.26547541,40,86,9.961119651794434,4.667424201965332,1.3618879467248917,0.030208000913262367,19.109024047851562,4.177311897277832,0.056832000613212585,39.07321548461914
0,80,1,30237865.243165262,40,87,9.993599891662598,4.514495849609375,1.4396160244941711,0.05119999870657921,18.231199264526367,4.425055980682373,0.07782399654388428,38.59916687011719
0,70,1,30905703.98652228,40,88,9.976223945617676,4.53110408782959,1.397759959101677,0.028831999748945236,18.028383255004883,3.770688056945801,0.0544000007212162,37.627647399902344
0,60,1,31530546.511906367,40,89,9.97862434387207,4.46940803527832,1.396768033504486,0.02953599952161312,16.38230323791504,3.932192087173462,0.05596800148487091,36.57468795776367
0,50,1,32109929.350159258,40,90,9.980095863342285,4.57260799407959,1.3847679793834686,0.029120000079274178,16.902048110961914,3.971424102783203,0.05536000058054924,37.08208084106445
0.05,100,1,32641568.25894005,40,91,9.966143608093262,5.056096076965332,1.5855359733104706,0.07184000313282013,19.437471389770508,6.875455856323242,0.11744000017642975,43.840065002441406
0.05,90,1,33123367.228451196,40,92,9.96121597290039,4.519680023193359,1.685632050037384,0.03174399957060814,16.948575973510742,5.792704105377197,0.05961599946022034,39.536991119384766
0.05,80,1,33553426.7450494,40,93,9.988479614257812,4.610079765319824,1.4818880259990692,0.029983999207615852,16.838655471801758,4.2442240715026855,0.07577600330114365,37.38115310668945
0.05,70,1,33930051.28016173,40,94,9.953887939453125,4.56115198135376,1.4425599575042725,0.02969600073993206,17.53183937072754,4.4112958908081055,0.05632000043988228,38.192832946777344
0.05,60,1,34251755.97498168,40,95,9.962752342224121,4.518303871154785,1.4273919761180878,0.030719999223947525,16.77619171142578,4.183231830596924,0.05734400078654289,37.10041427612305
0.05,50,1,34517272.49459034,40,96,9.968704223632812,4.576863765716553,1.4462720453739166,0.051711998879909515,17.600351333618164,4.23740816116333,0.0798719972372055,38.01472091674805
0.1,100,1,34725554.028422646,40,97,9.95740795135498,4.511648178100586,1.9342719912528992,0.029055999591946602,17.03539276123047,6.612991809844971,0.055424001067876816,41.030208587646484
0.1,90,1,34875779.41736412,40,98,9.9585599899292,4.624767780303955,1.4830719530582428,0.03017600066959858,18.214048385620117,4.860159873962402,0.06348799914121628,39.3353271484375
0.1,80,1,34967356.3912068,40,99,9.95798397064209,4.650591850280762,1.5002560317516327,0.03171199932694435,16.851295471191406,4.74399995803833,0.06028800085186958,38.04451370239258
0.1,70,1,34999923.90370063,40,100,9.958047866821289,4.488224029541016,1.5027840435504913,0.03142400085926056,17.737632751464844,4.608191967010498,0.06099199876189232,38.793758392333984
0.1,60,1,34973353.55599416,40,101,9.9552001953125,4.51420783996582,1.4907520115375519,0.02969600073993206,17.426912307739258,4.323359966278076,0.05657599866390228,38.1038703918457
0.1,50,1,34887750.1028527,40,102,9.957056045532227,4.5865278244018555,1.4379199743270874,0.030751999467611313,16.779071807861328,4.235040187835693,0.07577600330114365,37.27827072143555
0.15,100,1,34743451.03965804,40,103,10.002176284790039,4.463007926940918,1.8147519826889038,0.029952000826597214,17.985599517822266,6.693024158477783,0.05663999915122986,41.76998519897461
0.15,90,1,34541025.27181802,40,104,9.97532844543457,4.611648082733154,1.465760052204132,0.030719999223947525,17.726015090942383,4.916224002838135,0.059167999774217606,38.87472152709961
0.15,80,1,34281270.87183197,40,105,9.945280075073242,4.619647979736328,1.4100159853696823,0.031231999397277832,16.7969913482666,4.3755202293396,0.09513600170612335,37.37385559082031
0.15,70,1,33965211.93285472,40,106,9.94428825378418,4.498688220977783,1.369920015335083,0.02953599952161312,16.7675838470459,4.22435188293457,0.05516799911856651,37.32780838012695
0.15,60,1,33594094.53116427,40,107,9.938207626342773,4.556000232696533,1.447551965713501,0.028672000393271446,17.310400009155273,4.240032196044922,0.055296000093221664,37.716896057128906
0.15,50,1,33169381.813451238,40,108,9.954912185668945,4.534815788269043,1.444191962480545,0.029343999922275543,17.055456161499023,4.307936191558838,0.055135998874902725,37.533790588378906
0.2,100,1,32692748.228298604,40,109,9.952799797058105,4.507872104644775,1.444128006696701,0.029952000826597214,17.2425594329834,5.786848068237305,0.057631999254226685,39.20783996582031
0.2,90,1,32166072.924594484,40,110,9.948800086975098,4.841504096984863,1.3790079355239868,0.06361600011587143,18.829919815063477,4.441919803619385,0.1375039964914322,39.38924789428711
0.2,80,1,31591432.34290494,40,111,9.973567962646484,4.59827184677124,1.4234879612922668,0.048128001391887665,17.48204803466797,5.6262078285217285,0.07718399912118912,38.958560943603516
0.2,70,1,30971092.029015634,40,112,10.024576187133789,4.526271820068359,1.5048319697380066,0.030527999624609947,16.493696212768555,4.175392150878906,0.056352000683546066,37.01059341430664
0.2,60,1,30307497.70191788,40,113,10.004863739013672,4.431903839111328,1.5125439763069153,0.02969600073993206,16.84169578552246,4.052063941955566,0.05632000043988228,36.8831672668457
0.2,50,1,29603265.611453842,40,114,10.022175788879395,4.515423774719238,1.451168030500412,0.02876799926161766,17.599552154541016,4.052288055419922,0.055424001067876816,37.484703063964844
0.25,100,1,28861172.22363639,40,115,9.969792366027832,4.73308801651001,1.448639988899231,0.02876799926161766,17.459455490112305,4.791232109069824,0.05503999814391136,38.56611251831055
0.25,90,1,28084143.274309665,40,116,9.954431533813477,4.710239887237549,1.45564803481102,0.031039999797940254,17.179391860961914,4.179103851318359,0.08601599931716919,37.57148742675781
0.25,80,1,27275242.234306708,40,117,9.959648132324219,4.586751937866211,1.4560000002384186,0.02879999950528145,17.314687728881836,4.146495819091797,0.055296000093221664,37.785919189453125
0.25,70,1,26437658.231580887,40,118,9.953951835632324,4.5576958656311035,1.3642559349536896,0.029920000582933426,16.737503051757812,4.013951778411865,0.05632000043988228,36.37731170654297
0.25,60,1,25574693.477928545,40,119,9.985983848571777,4.730591773986816,1.468447968363762,0.02876799926161766,17.416799545288086,3.941472053527832,0.05532800033688545,37.611968994140625
0.25,50,1,24689750.2498737,40,120,9.957728385925293,4.5253119468688965,1.4895360171794891,0.04710400104522705,17.65897560119629,4.153024196624756,0.07593599706888199,37.646846771240234
0.35,100,1,23786317.475043014,40,121,9.961824417114258,4.567935943603516,1.457504004240036,0.02879999950528145,18.226720809936523,4.162752151489258,0.055296000093221664,38.522369384765625
0.35,90,1,22867956.97691516,40,122,10.03651237487793,4.550047874450684,1.483616054058075,0.02816000021994114,17.426368713378906,4.096831798553467,0.05427199974656105,37.814910888671875
0.35,80,1,21938289.432174925,40,123,10.00972843170166,4.555039882659912,1.4875199496746063,0.02985600009560585,17.251935958862305,4.066559791564941,0.05718399956822395,37.085567474365234
0.35,70,1,21000980.096036043,40,124,9.965375900268555,4.530816078186035,1.4320320188999176,0.047040000557899475,17.229408264160156,4.074848175048828,0.07366400212049484,37.198848724365234
0.35,60,1,20059724.35181118,40,125,9.973504066467285,4.525824069976807,1.4103360176086426,0.0639680027961731,16.76531219482422,4.040095806121826,0.10649599879980087,37.11385726928711
0.02,100,1,19118233.141700584,40,126,9.926752090454102,4.577151775360107,0.9517439901828766,0.03033600002527237,16.318336486816406,4.267104148864746,0.05696000158786774,34.13564682006836
0.01,100,1,18180218.336239126,40,127,9.989952087402344,4.562143802642822,0.5178879983723164,0.03017600066959858,15.819392204284668,4.926527976989746,0.05603199824690819,35.107425689697266
0.02,100,1,17249378.10008329,40,128,9.89913558959961,4.648543834686279,0.9099519997835159,0.030239999294281006,14.539839744567871,4.627999782562256,0.05686400085687637,32.695552825927734
0.04,100,1,16329382.31183438,40,129,9.960351943969727,4.539872169494629,0.9469120055437088,0.028960000723600388,14.928095817565918,4.455296039581299,0.05632000043988228,32.9699821472168
0.05,100,1,15423858.09538041,40,130,9.906240463256836,4.735104084014893,0.911455973982811,0.03379200026392937,15.929759979248047,4.1268157958984375,0.06451199948787689,33.571807861328125
0.07,100,1,14536375.519800749,40,131,9.94927978515625,4.516575813293457,0.9188479781150818,0.0297279991209507,14.54588794708252,4.580575942993164,0.056384000927209854,32.84431838989258
0.08,100,1,13670433.524211444,40,132,9.965056419372559,4.523839950561523,0.9150720238685608,0.030208000913262367,14.299776077270508,4.425439834594727,0.05628800019621849,32.302337646484375
0.0,83,1,12829446.123043844,40,133,9.93280029296875,4.529888153076172,0.9483839720487595,0.047520000487565994,13.670495986938477,3.059936046600342,0.07475200295448303,30.686752319335938
0.09,100,1,12016728.946142506,40,134,9.95036792755127,4.596191883087158,0.9020800292491913,0.044704001396894455,16.16851234436035,4.624095916748047,0.09011200070381165,34.29779052734375
0.09,100,1,11235486.166748429,40,135,9.991104125976562,4.542943954467773,0.7735679894685745,0.04879999905824661,15.850048065185547,4.650559902191162,0.07648000121116638,34.79974365234375
0.1,100,1,10488797.868905209,40,136,9.908672332763672,4.472127914428711,0.9201920032501221,0.029503999277949333,14.994879722595215,4.718976020812988,0.05516799911856651,33.239070892333984
0.12,100,1,9779607.904091978,40,137,9.942303657531738,4.565760135650635,0.9161920100450516,0.02969600073993206,15.149663925170898,4.163296222686768,0.05632000043988228,32.90422439575195
0.14,100,1,9110712.28495945,40,138,9.947168350219727,4.646560192108154,0.9475200176239014,0.030880000442266464,14.630175590515137,4.440927982330322,0.058368001133203506,32.692928314208984
0.15,100,1,8484748.161926962,40,139,9.903583526611328,4.589407920837402,0.9955839961767197,0.029120000079274178,14.8123197555542,4.629695892333984,0.05552000179886818,33.06105422973633
0.17,100,1,7904183.426100925,40,140,9.939519882202148,4.479072093963623,0.8996160328388214,0.029600000008940697,13.797216415405273,4.72160005569458,0.056223999708890915,32.057952880859375
0.19,100,1,7371306.979505418,40,141,9.96406364440918,4.556575775146484,1.094559982419014,0.02969600073993206,15.421728134155273,4.251904010772705,0.05632000043988228,33.74982452392578
0.02,75,1,6888219.710985273,40,142,9.941344261169434,4.46940803527832,1.0189119726419449,0.028575999662280083,14.658592224121094,3.537503957748413,0.0549440011382103,31.898496627807617
0.2,100,1,6456826.213359369,40,143,9.920063972473145,4.588992118835449,0.9016319960355759,0.04761600121855736,15.269951820373535,4.525023937225342,0.07372800260782242,33.34912109375
0.21,100,1,6078827.274479518,40,144,9.95030403137207,4.50713586807251,0.9335680156946182,0.02879999950528145,14.366047859191895,4.214719772338867,0.05471999943256378,32.23206329345703
0.0,65,1,5755713.171799606,40,145,9.94752025604248,4.589568138122559,0.8973119705915451,0.03379200026392937,14.40236759185791,3.160991907119751,0.06860800087451935,31.111936569213867
0.0,61,1,5488757.796891045,40,146,9.938912391662598,4.564064025878906,0.929887980222702,0.029664000496268272,13.237919807434082,2.2103359699249268,0.05619199946522713,29.030431747436523
0.24,100,1,5279013.633069256,40,147,9.943936347961426,4.578335762023926,0.8913599848747253,0.04499199986457825,14.861408233642578,4.149663925170898,0.1687680035829544,32.53897476196289
0.23,100,1,5127307.60593183,40,148,9.964896202087402,4.501887798309326,1.0218879878520966,0.029472000896930695,13.920448303222656,4.2888641357421875,0.05507199838757515,31.895360946655273
0.0,62,1,5034237.82316797,40,149,9.944512367248535,4.457920074462891,0.9009599834680557,0.029664000496268272,13.418848037719727,3.1210238933563232,0.055743999779224396,30.106176376342773
0.24,100,1,5000171.216492629,40,150,9.902048110961914,4.485055923461914,0.9358399957418442,0.029279999434947968,14.363903999328613,4.012608051300049,0.055904000997543335,31.86147117614746
0.24,100,1,5025242.095002033,40,151,9.984383583068848,4.501376152038574,0.8942079991102219,0.030719999223947525,13.76643180847168,3.9212799072265625,0.057472001761198044,31.300031661987305
0.25,100,1,5109351.615654184,40,152,9.911231994628906,4.494175910949707,0.8993920236825943,0.029440000653266907,13.926079750061035,3.7760961055755615,0.056063998490571976,31.253856658935547
0.0,61,1,5252168.1729619,40,153,9.883551597595215,4.776480197906494,0.9103999882936478,0.04710400104522705,14.721088409423828,3.088063955307007,0.08921600133180618,31.32464027404785
0.0,60,1,5453128.706362028,40,154,9.935872077941895,4.528351783752441,1.0514879822731018,0.05923200026154518,14.284255981445312,2.507967948913574,0.10012800246477127,30.701568603515625
0.14,82,1,5711440.920106519,40,155,9.96566390991211,4.4896321296691895,0.9600639790296555,0.02985600009560585,14.155679702758789,3.6598079204559326,0.05641600117087364,31.590463638305664
0.12,83,1,6026086.406923287,40,156,9.934975624084473,4.619775772094727,0.5884159952402115,0.030208000913262367,15.108799934387207,3.599519968032837,0.057920001447200775,32.4620475769043
0.11,82,1,6395824.66313166,40,157,9.942208290100098,4.523583889007568,0.9195839762687683,0.030719999223947525,15.84985637664795,3.511039972305298,0.05769599974155426,33.07779312133789
0.12,83,1,6819197.979382819,40,158,9.891008377075195,4.747903823852539,0.9103039801120758,0.030400000512599945,14.088383674621582,3.538559913635254,0.057023998349905014,31.132543563842773
0.11,83,1,7294537.187742973,40,159,9.950752258300781,4.575808048248291,0.9189120233058929,0.05632000043988228,14.495840072631836,3.5518720149993896,0.0870399996638298,31.761024475097656
0.07,84,1,7819968.242461504,40,160,9.955743789672852,4.651936054229736,0.964063972234726,0.02879999950528145,15.351807594299316,3.7642879486083984,0.055296000093221664,32.96566390991211
0.07,83,1,8393419.608478714,40,161,9.969375610351562,4.572735786437988,0.9285759776830673,0.02969600073993206,14.29964828491211,3.5948801040649414,0.07487999647855759,31.485248565673828
0.06,85,1,9012630.428544084,40,162,9.997632026672363,4.563712120056152,0.6778240203857422,0.029503999277949333,15.767231941223145,3.9772799015045166,0.05548800155520439,33.960609436035156
0.05,85,1,9675159.43674542,40,163,9.961024284362793,4.569536209106445,0.8956800252199173,0.05004800111055374,14.57583999633789,3.653280019760132,0.09440000355243683,31.770143508911133
0.06,85,1,10378394.583307197,40,164,9.895071983337402,4.565824031829834,0.9477119743824005,0.02921600081026554,14.088191986083984,3.6658880710601807,0.07667200267314911,31.58620834350586
0.06,85,1,11119563.332711764,40,165,9.915552139282227,4.876128196716309,0.5739200115203857,0.02969600073993206,14.337504386901855,3.499743938446045,0.056671999394893646,31.555551528930664
0.0,80,1,11895743.594542589,40,166,9.957056045532227,4.639872074127197,0.9093440175056458,0.02985600009560585,16.082399368286133,3.2499520778656006,0.05644800141453743,32.990623474121094
0.0,80,1,12703875.24395448,40,167,9.923616409301758,4.512767791748047,0.9052799940109253,0.029823999851942062,13.771679878234863,3.3757119178771973,0.05632000043988228,30.72140884399414
0.0,81,1,13540772.1863503,40,168,9.92527961730957,4.532639980316162,0.5170239992439747,0.02953599952161312,14.026528358459473,3.615839958190918,0.05615999922156334,31.979167938232422
0.0,81,1,14403134.918699332,40,169,9.933504104614258,4.562528133392334,0.9103679805994034,0.02953599952161312,13.943231582641602,3.1594560146331787,0.08857599645853043,30.62303924560547
0.0,81,1,15287563.537973022,40,170,9.906944274902344,4.9542717933654785,0.983167976140976,0.0307839997112751,16.065216064453125,3.424448013305664,0.05737600103020668,33.0747184753418
0.0,81,1,16190571.14541247,40,171,9.956255912780762,4.526944160461426,0.8456639796495438,0.031808000057935715,15.83456039428711,3.3068480491638184,0.08003199845552444,33.515262603759766
0.0,81,1,17108597.593780193,40,172,9.890368461608887,4.575104236602783,0.9281600192189217,0.03139200061559677,13.943648338317871,3.420383930206299,0.059039998799562454,31.606304168701172
0.0,82,1,18038023.523397237,40,173,9.944864273071289,4.644608020782471,0.9139520227909088,0.02969600073993206,14.754912376403809,3.2687039375305176,0.05593600124120712,31.572032928466797
0.0,82,1,18975184.631628178,40,174,9.902175903320312,4.5043840408325195,0.9395200163125992,0.02985600009560585,14.352607727050781,3.4282240867614746,0.05632000043988228,31.337696075439453
0.0,82,1,19916386.119555347,40,175,9.903072357177734,4.594111919403076,0.9154880046844482,0.03840000182390213,16.00271987915039,3.379136085510254,0.07321599870920181,32.994049072265625
0.0,82,1,20857917.258886393,40,176,9.929344177246094,4.624032020568848,1.0267200022935867,0.030400000512599945,15.890336036682129,3.422463893890381,0.05804799869656563,32.95881652832031
0.0,82,1,21796066.021663696,40,177,9.919232368469238,4.744736194610596,0.9926719665527344,0.02879999950528145,14.959839820861816,3.306272029876709,0.0551999993622303,31.869600296020508
0.0,82,1,22727133.715098146,40,178,9.92512035369873,4.635231971740723,0.9450560063123703,0.02969600073993206,14.550239562988281,3.4217278957366943,0.056384000927209854,31.530624389648438
0.0,82,1,23647449.56382818,40,179,9.893216133117676,4.5167999267578125,0.9214720278978348,0.02969600073993206,13.972991943359375,3.347327947616577,0.05632000043988228,30.822111129760742
0.0,82,1,24553385.182113152,40,180,9.919360160827637,4.828864097595215,0.9068160206079483,0.02937600016593933,14.634655952453613,3.263360023498535,0.05526399984955788,31.480031967163086
0.0,82,1,25441368.878903966,40,181,9.911711692810059,4.774496078491211,0.9320960193872452,0.02969600073993206,14.676159858703613,3.304703950881958,0.0562559999525547,31.533567428588867
0.0,82,1,26307899.73939207,40,182,9.906880378723145,4.586719989776611,0.8011839985847473,0.030751999467611313,14.167872428894043,3.6444480419158936,0.05673599988222122,31.970783233642578
0.0,82,1,27149561.427520353,40,183,9.912351608276367,4.6675519943237305,0.9122880101203918,0.029600000008940697,14.528544425964355,3.4167680740356445,0.0551999993622303,31.5196475982666
0.0,82,1,27963035.65503824,40,184,9.895584106445312,4.530623912811279,0.898016020655632,0.029759999364614487,14.796671867370605,3.555327892303467,0.05689600110054016,31.84886360168457
0.0,82,1,28745115.26399934,40,185,9.904512405395508,4.668352127075195,0.9436479657888412,0.03110400028526783,14.00438404083252,3.365823984146118,0.059487998485565186,30.842304229736328
0.0,82,1,29492716.87112271,40,186,9.894144058227539,4.567103862762451,0.6621120125055313,0.02969600073993206,13.275615692138672,3.3255999088287354,0.05632000043988228,30.390880584716797
0.0,82,1,30202893.024167128,40,187,9.954463958740234,4.4509758949279785,0.8997759968042374,0.030719999223947525,14.177184104919434,3.3714239597320557,0.058368001133203506,31.114015579223633
0.0,82,1,30872843.82239139,40,188,9.928863525390625,4.788832187652588,0.9820799827575684,0.03081599995493889,14.595168113708496,3.3876800537109375,0.05942400172352791,31.67523193359375
0.0,82,1,31499927.95528613,40,189,9.907648086547852,4.571616172790527,0.9862079918384552,0.035840000957250595,13.361344337463379,3.3852479457855225,0.08924800157546997,30.380447387695312
0.0,82,1,32081673.116056807,40,190,9.930848121643066,4.584799766540527,1.026272013783455,0.030719999223947525,14.751232147216797,3.4930880069732666,0.07110399752855301,32.0219841003418
0.0,82,1,32615785.74880199,40,191,9.890656471252441,4.667840003967285,0.8899519890546799,0.02969600073993206,15.787296295166016,3.4630720615386963,0.055424001067876816,32.67513656616211
0.0,82,1,33100160.090958565,40,192,9.923935890197754,4.692480087280273,0.9067520201206207,0.0297279991209507,15.120479583740234,3.4489920139312744,0.05548800155520439,32.10454559326172
0.0,82,1,33532886.475363195,40,193,9.910528182983398,4.550623893737793,0.5344640091061592,0.03030399978160858,15.817503929138184,3.6628479957580566,0.05603199824690819,33.817569732666016
0.0,82,1,33912258.859199256,40,194,9.896544456481934,4.456255912780762,0.8919040262699127,0.02953599952161312,13.66211223602295,2.7128000259399414,0.05584000051021576,30.333568572998047
0.0,82,1,34236781.5501457,40,195,9.897919654846191,4.461664199829102,0.9142400175333023,0.031231999397277832,14.612895965576172,3.414911985397339,0.058368001133203506,31.551136016845703
0.0,82,1,34505175.10320986,40,196,9.904864311218262,4.565023899078369,0.9772160202264786,0.028704000636935234,14.547327995300293,3.3633599281311035,0.055296000093221664,31.446367263793945
0.0,82,1,34716381.36499564,40,197,9.912287712097168,4.792928218841553,0.909183993935585,0.029311999678611755,14.870368003845215,3.3095040321350098,0.05510399863123894,31.719680786132812
0.0,82,1,34869567.645519875,40,198,9.891584396362305,4.523136138916016,0.9267840087413788,0.02956799976527691,13.526399612426758,3.4087040424346924,0.055615998804569244,30.49420738220215
0.0,82,1,34964130.001129225,40,199,9.916288375854492,4.562431812286377,0.9354880303144455,0.028672000393271446,13.821184158325195,3.41759991645813,0.055296000093221664,30.75049591064453
0.0,82,1,34999695.6155746,40,200,9.881728172302246,4.51254415512085,0.8988800197839737,0.061664000153541565,14.17199993133545,3.414112091064453,0.1053759977221489,31.00979232788086
0.0,82,1,34976124.26985567,40,201,9.908032417297363,5.24015998840332,0.9032319933176041,0.03299200162291527,16.568479537963867,3.237855911254883,0.08316799998283386,33.2413444519043
0.0,82,1,34893508.8950404,40,202,9.899168014526367,4.687136173248291,0.921376034617424,0.029632000252604485,13.80777645111084,3.4964160919189453,0.0562559999525547,30.842336654663086
0.0,82,1,34752175.205880255,40,203,9.904288291931152,4.643455982208252,0.7557120025157928,0.031488001346588135,16.06438446044922,3.4575040340423584,0.08671999722719193,33.66783905029297
0.0,82,1,34552680.41666543,40,204,9.91875171661377,4.5186238288879395,0.9877439886331558,0.06480000168085098,13.86137580871582,3.400160074234009,0.09113600105047226,30.83078384399414
0.0,82,1,34295811.044383034,40,205,9.872991561889648,4.484640121459961,0.9541120231151581,0.030527999624609947,13.875103950500488,3.642688035964966,0.057151999324560165,31.057247161865234
0.0,82,1,33982579.807839155,40,206,9.89459228515625,4.794015884399414,0.9711039811372757,0.029023999348282814,14.544927597045898,3.5954880714416504,0.05427199974656105,31.74812889099121
0.0,82,1,33614221.63497056,40,207,9.890048027038574,4.541759967803955,0.9140799790620804,0.029664000496268272,14.47043228149414,3.2445759773254395,0.055456001311540604,31.222816467285156
0.0,82,1,33192188.794086717,40,208,9.902815818786621,4.499072074890137,0.9821439832448959,0.028991999104619026,14.842911720275879,3.4826560020446777,0.05532800033688545,31.901151657104492
0.0,82,1,32718145.168238293,40,209,9.902751922607422,4.518527984619141,1.0008639842271805,0.031647998839616776,14.480575561523438,3.4616000652313232,0.07580800354480743,31.79862403869629
0.0,82,1,32193959.695284836,40,210,9.907551765441895,4.580383777618408,0.8926720023155212,0.028831999748945236,14.517215728759766,3.3444480895996094,0.055296000093221664,31.36524772644043
0.0,82,1,31621698.999525104,40,211,9.906496047973633,4.623551845550537,0.5064320005476475,0.029440000653266907,15.626367568969727,3.63590407371521,0.0560000017285347,33.525760650634766
0.0,82,1,31003619.243939705,40,212,9.893631935119629,4.571968078613281,0.9008000195026398,0.029759999364614487,15.393312454223633,3.455456018447876,0.05632000043988228,32.37228775024414
0.0,82,1,30342157.235169377,40,213,9.893856048583984,4.575744152069092,0.9050559848546982,0.02956799976527691,15.259903907775879,3.2748799324035645,0.05555199831724167,32.00012969970703
0.0,82,1,29639920.816297382,40,214,9.914655685424805,4.501728057861328,0.9688639789819717,0.029152000322937965,14.764191627502441,3.5765440464019775,0.05632000043988228,31.908063888549805
0.0,82,1,28899678.58531356,40,215,9.920576095581055,4.47811222076416,1.0044160336256027,0.029600000008940697,14.371135711669922,3.5459840297698975,0.056223999708890915,31.81827163696289
0.0,82,1,28124348.9797947,40,216,9.902815818786621,4.4593281745910645,0.986783966422081,0.03046399913728237,14.593119621276855,3.501919984817505,0.056992001831531525,31.745376586914062
0.0,82,1,27316988.77083616,40,217,9.904000282287598,4.593183994293213,0.9869440048933029,0.029440000653266907,15.005760192871094,3.420799970626831,0.05536000058054924,32.027488708496094
0.0,82,1,26480781.011596978,40,218,9.905983924865723,4.563807964324951,0.9907519817352295,0.029472000896930695,13.972224235534668,3.46230411529541,0.05651199817657471,30.977888107299805
0.0,82,1,25619022.487973116,40,219,9.896448135375977,4.468128204345703,0.918272003531456,0.06537599861621857,13.870719909667969,3.332159996032715,0.09219200164079666,30.746047973632812
0.0,82,1,24735110.720873456,40,220,9.895808219909668,4.439040184020996,0.9094720035791397,0.047231998294591904,13.722975730895996,3.328927993774414,0.07360000163316727,30.508384704589844
0.0,82,1,23832530.57134462,40,221,9.925215721130371,4.936448097229004,0.5453119874000549,0.03580800071358681,16.184608459472656,3.5386240482330322,0.06652799993753433,33.35279846191406
0.0,82,1,22914840.501352366,40,222,9.90339183807373,4.819424152374268,0.9147519767284393,0.029823999851942062,14.315648078918457,3.4140799045562744,0.056384000927209854,31.314016342163086
0.0,82,1,21985658.54438912,40,223,9.889856338500977,4.6190080642700195,0.9302399754524231,0.029440000653266907,14.656000137329102,3.485663890838623,0.05641600117087364,31.750688552856445
0.0,82,1,21048648.041217387,40,224,9.900128364562988,4.498271942138672,0.9270719885826111,0.028960000723600388,15.332256317138672,3.352895975112915,0.05532800033688545,32.17241668701172
0.0,82,1,20107503.19698775,40,225,9.969247817993164,4.584735870361328,0.9173440188169479,0.07235199958086014,15.784735679626465,3.293056011199951,0.1215360015630722,32.6789436340332
0.0,82,1,19165934.51667232,40,226,9.938847541809082,4.535808086395264,0.9721599817276001,0.029503999277949333,14.55174446105957,3.5352959632873535,0.05612799897789955,31.721792221069336
0.0,82,1,18227654.176235624,40,227,9.873503684997559,4.565536022186279,0.920543983578682,0.02956799976527691,14.539456367492676,3.4554879665374756,0.05615999922156334,31.418975830078125
0.0,82,1,17296361.387217592,40,228,9.93712043762207,4.550975799560547,0.7764480262994766,0.03174399957060814,15.186464309692383,3.6500160694122314,0.060416001826524734,32.82070541381836
0.0,82,1,16375727.812428923,40,229,9.891424179077148,4.560544013977051,0.9769599884748459,0.02969600073993206,14.169983863830566,3.4863998889923096,0.056352000683546066,31.207712173461914
0.0,82,1,15469383.090259343,40,230,9.896832466125488,4.559904098510742,0.9078400135040283,0.03129599988460541,14.782879829406738,3.474368095397949,0.05894400179386139,31.80022430419922
0.0,82,1,14580900.524667937,40,231,9.950752258300781,4.52291202545166,0.8994879871606827,0.029632000252604485,15.45695972442627,3.3475840091705322,0.05558399856090546,32.42502212524414
0.0,82,1,13713782.99727549,40,232,9.892831802368164,4.517343997955322,0.8993599861860275,0.05315199866890907,14.413151741027832,3.49401593208313,0.10115200281143188,31.482431411743164
0.0,81,1,12871449.157099199,40,233,9.900351524353027,4.733215808868408,0.8990720063447952,0.02908799983561039,15.96332836151123,3.5039680004119873,0.055296000093221664,32.89545440673828
0.0,80,1,12057219.942378677,40,234,9.907423973083496,4.505951881408691,0.9228799790143967,0.02969600073993206,13.9782075881958,3.4251840114593506,0.05632000043988228,31.38444709777832
0.02,81,1,11274305.487630574,40,235,9.942432403564453,4.593279838562012,0.9236799776554108,0.04499199986457825,15.770367622375488,3.6084799766540527,0.09107200056314468,32.882625579833984
0.01,81,1,10525792.467552152,40,236,9.98579216003418,4.556960105895996,0.9235199689865112,0.028896000236272812,14.033663749694824,3.7431039810180664,0.054368000477552414,31.407392501831055
0.01,81,1,9814631.92767024,40,237,9.910592079162598,4.527040004730225,1.0001599788665771,0.029184000566601753,13.700223922729492,3.7063679695129395,0.055296000093221664,31.051359176635742
0.0,79,1,9143627.649714544,40,238,9.931679725646973,5.163871765136719,1.05519999563694,0.02969600073993206,15.115776062011719,3.4510080814361572,0.056352000683546066,32.22227096557617
0.02,81,1,8515425.097584592,40,239,9.892671585083008,4.504415988922119,0.5682560056447983,0.02956799976527691,14.21350383758545,3.6875839233398438,0.05555199831724167,31.57891273498535
0.0,78,1,7932500.987492058,40,240,9.95308780670166,4.552159786224365,0.7428159713745117,0.02969600073993206,15.251456260681152,3.5160319805145264,0.05632000043988228,32.76163101196289
0.09,85,1,7397153.523397848,40,241,9.980863571166992,4.596384048461914,0.9100480079650879,0.030719999223947525,14.470751762390137,3.883903980255127,0.058368001133203506,31.989503860473633
0.06,78,1,6911493.336242147,40,242,9.965567588806152,4.499199867248535,0.9870079755783081,0.02969600073993206,14.658528327941895,3.722368001937866,0.10444799810647964,32.0516471862793
0.2,100,1,6477435.162688689,40,243,9.906656265258789,4.57919979095459,0.8985599875450134,0.029632000252604485,15.926527976989746,4.383200168609619,0.05584000051021576,33.78201675415039
0.13,82,1,6096690.296191512,40,244,9.975071907043457,4.542463779449463,0.9004480093717575,0.06457599997520447,13.383423805236816,3.5988481044769287,0.09139200299978256,30.551776885986328
0.02,82,1,5770759.840144914,40,245,9.973407745361328,4.599999904632568,0.9007040113210678,0.02969600073993206,14.939871788024902,3.594464063644409,0.05571199953556061,32.046817779541016
0.0,60,1,5500928.789717466,40,246,9.900832176208496,4.526688098907471,0.9030400067567825,0.029279999434947968,13.98857593536377,3.178368091583252,0.05488000065088272,30.812320709228516
0.07,82,1,5288260.965701865,40,247,9.967967987060547,4.50870418548584,0.9132160246372223,0.04707200080156326,14.255135536193848,3.7650558948516846,0.07267200201749802,31.71628761291504
0.12,81,1,5133594.820354709,40,248,9.944640159606934,4.590144157409668,0.883103996515274,0.0655359998345375,15.010560035705566,3.6066880226135254,0.11999999731779099,32.113216400146484
0.05,82,1,5037540.131761538,40,249,9.966591835021973,4.468287944793701,0.8969919830560684,0.0297279991209507,13.772319793701172,3.771967887878418,0.05596800148487091,31.07596778869629
0.16,82,1,5000475.599759901,40,250,9.961503982543945,4.64192008972168,0.8837439715862274,0.040991999208927155,16.657695770263672,3.5419199466705322,0.08191999793052673,33.7426872253418
0.09,82,1,5022547.352898581,40,251,9.934399604797363,4.52342414855957,0.9083839803934097,0.029920000582933426,13.182559967041016,3.7299840450286865,0.05734400078654289,30.449695587158203
0.07,82,1,5103668.372319361,40,252,9.89401626586914,4.52188777923584,0.9147199988365173,0.029503999277949333,14.940383911132812,3.7633919715881348,0.05510399863123894,32.235103607177734
0.14,82,1,5243518.834832689,40,253,9.897567749023438,4.6457600593566895,0.6031999886035919,0.03248000144958496,14.617823600769043,3.634943962097168,0.07286400347948074,31.905567169189453
0.13,79,1,5441547.373834707,40,254,10.017663955688477,5.246623992919922,1.0057920068502426,0.0306560005992651,14.667679786682129,3.603424072265625,0.05728000029921532,32.04489517211914
0.12,76,1,5696973.253094314,40,255,9.949407577514648,4.474976062774658,0.9040960073471069,0.02969600073993206,15.137984275817871,3.485152006149292,0.05632000043988228,32.17273712158203
0.29,100,1,6008789.444840187,40,256,9.92182445526123,4.50867223739624,0.8963520228862762,0.028736000880599022,13.816096305847168,3.495903968811035,0.05539200082421303,30.788671493530273
0.03,69,1,6375766.600011963,40,257,9.969696044921875,4.5381760597229,0.9100480079650879,0.02969600073993206,14.7740478515625,3.505919933319092,0.05555199831724167,31.904544830322266
0.09,82,1,6796457.8950232435,40,258,9.893952369689941,4.69920015335083,0.9319039732217789,0.03110400028526783,15.94540786743164,3.8078079223632812,0.05939200147986412,33.277889251708984
0.1,83,1,7269204.735926982,40,259,9.965184211730957,4.5648322105407715,0.9153279960155487,0.02969600073993206,13.857728004455566,3.745311975479126,0.05632000043988228,31.22256088256836
0.04,83,1,7792143.2974953875,40,260,9.940352439880371,4.702208042144775,0.9572479873895645,0.029664000496268272,15.720319747924805,3.7406721115112305,0.055776000022888184,33.02345657348633
0.0,69,1,8363211.871432645,40,261,9.958911895751953,4.901440143585205,0.9115840196609497,0.02956799976527691,15.82089614868164,3.175487995147705,0.05612799897789955,32.5596809387207
0.03,82,1,8980158.994751005,40,262,9.9585599899292,4.561503887176514,0.900863990187645,0.03081599995493889,14.801407814025879,3.736799955368042,0.05734400078654289,32.117088317871094
0.02,82,1,9640552.326262232,40,263,9.92307186126709,4.534048080444336,1.0008320063352585,0.03049599938094616,14.387711524963379,3.7951040267944336,0.05798399820923805,31.834463119506836
0.03,82,1,10341788.236190181,40,264,9.930815696716309,4.564511775970459,0.7150079905986786,0.06665600091218948,15.792223930358887,3.6449599266052246,0.10342399775981903,33.362335205078125
0.0,78,1,11081102.07109561,40,265,9.911520004272461,4.6229119300842285,0.9060800224542618,0.031168000772595406,14.70742416381836,3.2631680965423584,0.05939200147986412,31.452800750732422
0.01,81,1,11855579.053644128,40,266,9.898624420166016,4.549920082092285,0.9000000059604645,0.045471999794244766,13.776000022888184,3.6224639415740967,0.07168000191450119,30.844575881958008
0.01,81,1,12662165.774243947,40,267,9.866911888122559,4.64188814163208,0.9118400067090988,0.04851200059056282,14.132384300231934,3.691744089126587,0.07680000364780426,31.27552032470703
0.0,81,1,13497682.22924786,40,268,9.887392044067383,4.517087936401367,0.5128639973700047,0.02940800040960312,14.100992202758789,3.73689603805542,0.056063998490571976,32.29142379760742
0.0,82,1,14358834.35825741,40,269,9.889087677001953,4.53715181350708,0.9109759777784348,0.06652799993753433,16.605567932128906,3.4463679790496826,0.09337600320577621,33.546974182128906
0.0,82,1,15242227.031101085,40,270,9.886240005493164,4.512224197387695,0.8931839764118195,0.028831999748945236,14.16921615600586,3.212160110473633,0.055296000093221664,30.851648330688477
0.0,82,1,16144377.433284214,40,271,9.903167724609375,4.503744125366211,0.6721280068159103,0.029472000896930695,14.169759750366211,3.4961600303649902,0.05526399984955788,31.54105567932129
0.0,82,1,17061728.797138944,40,272,9.895615577697754,4.669216156005859,0.9294400215148926,0.02908799983561039,14.731424331665039,3.3754560947418213,0.05571199953556061,31.719968795776367
0.0,82,1,17990664.424536616,40,273,9.894111633300781,4.898591995239258,0.9284799993038177,0.0297279991209507,14.360416412353516,3.3210880756378174,0.05632000043988228,31.20751953125
0.0,82,1,18927521.945879888,40,274,9.88486385345459,4.568192005157471,0.5862080007791519,0.03152000159025192,15.178048133850098,2.809216022491455,0.06035200133919716,31.681215286254883
0.0,82,1,19868607.759155817,40,275,9.88806438446045,4.489664077758789,0.9690880179405212,0.030239999294281006,14.590463638305664,3.5554559230804443,0.05663999915122986,31.788671493530273
0.0,82,1,20810211.592124403,40,276,9.923487663269043,4.575136184692383,0.9114879816770554,0.02969600073993206,14.517855644226074,3.263871908187866,0.05632000043988228,31.394624710083008
0.0,82,1,21748621.130230255,40,277,9.885120391845703,4.822624206542969,0.9115839749574661,0.04915200173854828,15.1693115234375,3.4456961154937744,0.07727999985218048,32.1558723449707
0.0,82,1,22680136.65256593,40,278,9.901535987854004,4.574783802032471,0.8994560241699219,0.02969600073993206,13.539008140563965,3.371232032775879,0.055296000093221664,30.538400650024414
0.0,82,1,23601085.618184738,40,279,9.894335746765137,4.556863784790039,0.9005440175533295,0.032416000962257385,19.644832611083984,3.441983938217163,0.06006399914622307,36.590206146240234
0.0,82,1,24507837.145254876,40,280,9.899776458740234,4.513247966766357,0.9472639858722687,0.029440000653266907,14.759200096130371,3.5542080402374268,0.05555199831724167,31.83603286743164
0.0,82,1,25396816.325970963,40,281,9.897151947021484,4.605311870574951,0.902879998087883,0.04608000069856644,14.82863998413086,3.506880044937134,0.09212800115346909,31.791616439819336
0.0,82,1,26264518.320785142,40,282,9.910112380981445,5.054368019104004,0.9528000056743622,0.028672000393271446,16.566015243530273,3.2356479167938232,0.08294399827718735,33.44483184814453
0.0,82,1,27107522.17639184,40,283,9.914400100708008,4.575551986694336,0.9123199880123138,0.02969600073993206,13.411968231201172,3.5503039360046387,0.05632000043988228,30.440319061279297
0.0,82,1,27922504.312986013,40,284,9.925344467163086,4.59827184677124,0.8961279988288879,0.03171199932694435,14.520416259765625,3.3748159408569336,0.05951999872922897,31.412960052490234
0.0,82,1,28706251.627623394,40,285,9.911199569702148,4.600128173828125,0.9076160043478012,0.02831999957561493,14.450112342834473,3.350464105606079,0.05491200089454651,31.328960418701172
0.0,82,1,29455674.16201999,40,286,9.902048110961914,4.567200183868408,0.933599978685379,0.028672000393271446,14.91049575805664,3.4788479804992676,0.05427199974656105,32.075870513916016
0.0,82,1,30167817.284848735,40,287,9.891167640686035,4.471712112426758,0.9463359862565994,0.029023999348282814,13.648159980773926,3.4314560890197754,0.05478399991989136,30.64371109008789
0.0,82,1,30839873.34050338,40,288,9.905152320861816,4.613952159881592,0.8805759996175766,0.02969600073993206,14.813247680664062,3.2644479274749756,0.05539200082421303,31.510656356811523
0.0,82,1,31469192.718404517,40,289,9.893664360046387,4.617152214050293,0.9480640143156052,0.04947200044989586,14.91648006439209,3.345151901245117,0.0798719972372055,31.862815856933594
0.0,82,1,32053294.299205765,40,290,9.90236759185791,4.554783821105957,0.9357759654521942,0.031072000041604042,13.730463981628418,3.247648000717163,0.07110399752855301,30.520288467407227
0.0,82,1,32589875.236716077,40,291,9.900287628173828,4.4350080490112305,0.9124480187892914,0.028672000393271446,13.57049560546875,3.4542078971862793,0.05526399984955788,30.686111450195312
0.0,82,1,33076820.036972065,40,292,9.912192344665527,4.972928047180176,0.9229759871959686,0.0390079990029335,14.175711631774902,3.4726719856262207,0.07081600278615952,31.188383102416992
0.0,82,1,33512208.898666255,40,293,9.944128036499023,4.468192100524902,0.7180800139904022,0.0297279991209507,14.145888328552246,3.574592113494873,0.05632000043988228,31.689279556274414
0.0,82,1,33894325.282048106,40,294,9.8984956741333,4.575776100158691,0.9981760233640671,0.044256001710891724,13.85974407196045,3.2029759883880615,0.0719040036201477,30.752351760864258
0.0,82,1,34221662.67645762,40,295,9.898367881774902,4.524191856384277,0.9545279890298843,0.029503999277949333,13.541824340820312,3.3811519145965576,0.0560000017285347,30.439008712768555
0.0,82,1,34492930.53980976,40,296,9.920767784118652,4.506879806518555,0.9670720249414444,0.03705599904060364,14.36070442199707,3.408128023147583,0.06470400094985962,31.366975784301758
0.0,82,1,34707059.386613704,40,297,9.909952163696289,4.596992015838623,0.9106560051441193,0.031039999797940254,15.096927642822266,3.3053441047668457,0.06032000109553337,31.91823959350586
0.0,82,1,34863205.00446615,40,298,9.913567543029785,4.511360168457031,0.9029120206832886,0.04383999854326248,14.807392120361328,3.4520320892333984,0.07660800218582153,31.69910430908203
0.0,82,1,34960751.78239612,40,299,9.899456024169922,4.740511894226074,0.9063039720058441,0.02953599952161312,15.458144187927246,3.5228800773620605,0.05552000179886818,32.46063995361328
0.0,82,1,34999315.137938164,40,300,9.911264419555664,4.5577921867370605,0.9127999842166901,0.058368001133203506,14.531776428222656,3.2513599395751953,0.0873280018568039,31.329023361206055
0.0,82,1,34978743.03336573,40,301,9.90329647064209,4.443456172943115,0.671296015381813,0.050175998359918594,13.644864082336426,3.6280319690704346,0.07884799689054489,31.184160232543945
0.0,82,1,34899116.57510655,40,302,9.92249584197998,4.487904071807861,0.8916480243206024,0.030432000756263733,15.811967849731445,3.3513920307159424,0.05603199824690819,32.695552825927734
0.0,82,1,34760749.69397702,40,303,9.937567710876465,4.568511962890625,0.9064320176839828,0.08406399935483932,14.284928321838379,3.3162240982055664,0.12998400628566742,31.18400001525879
0.0,82,1,34564187.90749609,40,304,9.915007591247559,4.52291202545166,0.9121920317411423,0.02969600073993206,13.221471786499023,3.359488010406494,0.05632000043988228,30.081024169921875
0.0,82,1,34310206.16915849,40,305,9.911808013916016,9.2739839553833,0.9329279810190201,0.029632000252604485,19.502880096435547,3.378495931625366,0.056063998490571976,36.39478302001953
0.0,82,1,33999805.8131464,40,306,9.89408016204834,4.839680194854736,0.9655360132455826,0.028672000393271446,14.487008094787598,3.3425281047821045,0.054368000477552414,31.344287872314453
0.0,82,1,33634210.60652547,40,307,9.88479995727539,4.547296047210693,0.91177599132061,0.04755200073122978,16.810880661010742,3.3811519145965576,0.09113600105047226,33.64713668823242
0.0,82,1,33214861.924489133,40,308,9.905344009399414,4.569151878356934,0.9011839777231216,0.030432000756263733,13.793824195861816,3.4667840003967285,0.057920001447200775,30.81113624572754
0.0,82,1,32743413.067673676,40,309,9.890015602111816,4.460896015167236,0.9013120085000992,0.028672000393271446,13.393152236938477,3.4072959423065186,0.055296000093221664,30.294240951538086
0.0,82,1,32221722.74394752,40,310,9.930527687072754,4.655360221862793,0.9095680117607117,0.030719999223947525,14.93008041381836,3.5125439167022705,0.05734400078654289,31.993408203125
0.0,82,1,31651847.740373764,40,311,9.90176010131836,4.642879962921143,0.904607966542244,0.03174399957060814,14.44041633605957,3.3814079761505127,0.05939200147986412,31.501344680786133
0.0,82,1,31036034.81423655,40,312,9.906847953796387,4.470399856567383,0.9255039840936661,0.02969600073993206,13.65334415435791,3.5954880714416504,0.056384000927209854,30.86419105529785
0.0,82,1,30376711.83510178,40,313,9.89475154876709,4.448863983154297,0.9415040165185928,0.028672000393271446,13.60870361328125,3.3819520473480225,0.05350400134921074,30.47043228149414
0.0,82,1,29676478.21283424,40,314,9.924863815307617,4.601856231689453,1.0319360196590424,0.03619199991226196,14.727392196655273,3.4596800804138184,0.08422400057315826,31.907968521118164
0.0,82,1,28938094.649309956,40,315,9.89897632598877,4.567071914672852,0.9105599969625473,0.02969600073993206,14.278176307678223,3.5290238857269287,0.05632000043988228,31.34867286682129
0.0,82,1,28164472.25422746,40,316,9.90608024597168,4.591807842254639,0.9112959802150726,0.030400000512599945,15.257887840270996,3.38918399810791,0.05788800120353699,32.16230392456055
0.0,82,1,27358661.06792988,40,317,9.926624298095703,4.748032093048096,0.9143360257148743,0.028704000636935234,15.481856346130371,3.387648105621338,0.05455999821424484,32.428287506103516
0.0,82,1,26523838.036486164,40,318,9.94752025604248,4.578495979309082,0.9160960018634796,0.02816000021994114,14.828864097595215,3.414016008377075,0.053727999329566956,31.828832626342773
0.0,82,1,25663294.486442007,40,319,9.902751922607422,4.470655918121338,1.0482559949159622,0.028672000393271446,13.700480461120605,3.50816011428833,0.05427199974656105,30.87331199645996
0.0,82,1,24780423.14861951,40,320,9.910688400268555,4.477791786193848,0.7922559753060341,0.028863999992609024,13.721920013427734,3.536895990371704,0.055296000093221664,31.386816024780273
0.0,82,1,23878704.782127082,40,321,9.908831596374512,4.535327911376953,0.9038719683885574,0.04848000034689903,14.654463768005371,3.4968960285186768,0.09203200042247772,31.648832321166992
0.0,82,1,22961694.45131285,40,322,9.901632308959961,4.596960067749023,0.9434559792280197,0.06348799914121628,14.405183792114258,3.406208038330078,0.1088000014424324,31.315519332885742
0.0,82,1,22033007.5097677,40,323,9.888832092285156,4.8130879402160645,0.9907200038433075,0.03046399913728237,14.738207817077637,3.5185599327087402,0.05632000043988228,31.85327911376953
0.0,82,1,21096305.34663405,40,324,9.91436767578125,4.696415901184082,0.9399679750204086,0.02864000014960766,14.30031967163086,3.3155200481414795,0.05452800169587135,31.16975975036621
0.0,82,1,20155280.951418266,40,325,9.941280364990234,4.524032115936279,0.9300160259008408,0.04915200173854828,14.957183837890625,3.45468807220459,0.08092799782752991,32.008766174316406
0.0,82,1,19213644.35421695,40,326,9.939871788024902,4.5182719230651855,0.7505599856376648,0.029279999434947968,14.62889575958252,3.638432025909424,0.05523199960589409,32.46217727661133
0.0,82,1,18275107.99875991,40,327,9.892383575439453,4.623583793640137,0.9375360161066055,0.030239999294281006,13.872960090637207,3.4115519523620605,0.05734400078654289,30.757055282592773
0.0,82,1,17343372.10593764,40,328,9.887264251708984,4.5195841789245605,0.9626240134239197,0.029279999434947968,14.071711540222168,3.5393919944763184,0.05539200082421303,31.21891212463379
0.0,82,1,16422110.085517012,40,329,9.905856132507324,4.758272171020508,0.9009280204772949,0.02969600073993206,15.51801586151123,3.3824961185455322,0.05632000043988228,32.3603515625
0.0,82,1,15514954.05356232,40,330,9.905311584472656,4.606304168701172,0.9541439861059189,0.02969600073993206,14.796256065368652,3.5153920650482178,0.05632000043988228,31.837888717651367
0.0,82,1,14625480.512657259,40,331,9.910176277160645,4.676640033721924,0.9076159745454788,0.030719999223947525,15.108160018920898,3.2334399223327637,0.058368001133203506,31.924448013305664
0.0,81,1,13757196.25138633,40,332,9.91055965423584,4.536799907684326,0.9360639750957489,0.029184000566601753,15.099231719970703,3.474208116531372,0.05587200075387955,32.156673431396484
0.01,81,1,12913524.518666402,40,333,9.911359786987305,4.594143867492676,0.9763520061969757,0.02940800040960312,14.658783912658691,3.6100480556488037,0.05593600124120712,31.887104034423828
0.01,81,1,12097791.527437374,40,334,9.88924789428711,4.4969282150268555,0.9294400066137314,0.028896000236272812,14.444128036499023,3.5184319019317627,0.05571199953556061,31.494783401489258
0.0,78,1,11313213.340920964,40,335,9.897919654846191,4.497024059295654,0.9486719965934753,0.030400000512599945,14.329343795776367,3.3419198989868164,0.057312000542879105,31.32956886291504
0.0,77,1,10562883.19315012,40,336,9.964096069335938,4.5346879959106445,0.9160320162773132,0.04198399931192398,13.50937557220459,3.312000036239624,0.08723200112581253,30.37718391418457
0.0,77,1,9849759.293757576,40,337,9.912223815917969,4.609856128692627,0.9077440202236176,0.030719999223947525,14.07583999633789,3.3759360313415527,0.05734400078654289,30.93164825439453
0.0,77,1,9176653.165104363,40,338,9.905664443969727,4.465407848358154,0.9230080097913742,0.029055999591946602,13.900735855102539,3.330591917037964,0.05628800019621849,30.787839889526367
0.0,76,1,8546218.557728898,40,339,9.946432113647461,4.572447776794434,1.0333440154790878,0.029023999348282814,14.165023803710938,3.389791965484619,0.07481600344181061,31.319904327392578
0.0,76,1,7960940.987818845,40,340,9.904576301574707,4.698847770690918,0.9459520131349564,0.02921600081026554,14.712320327758789,3.3119680881500244,0.054816000163555145,31.632160186767578
0.0,73,1,7423127.937954081,40,341,9.941247940063477,4.440320014953613,0.5785599946975708,0.02969600073993206,13.964096069335938,3.6094720363616943,0.05632000043988228,32.161537170410156
0.0,72,1,6934899.759755209,40,342,9.946528434753418,4.496416091918945,0.9875200241804123,0.0307839997112751,14.755807876586914,3.308095932006836,0.07993599772453308,31.758079528808594
0.02,71,1,6498181.314303648,40,343,9.940896034240723,4.782847881317139,0.9300479888916016,0.033504001796245575,15.246591567993164,3.6306240558624268,0.06217600032687187,32.41183853149414
0.02,71,1,6114694.383292491,40,344,9.898880004882812,4.540351867675781,0.9223040193319321,0.028704000636935234,14.290592193603516,3.531359910964966,0.05427199974656105,31.34272003173828
0.01,68,1,5785950.880826103,40,345,9.943488121032715,4.443391799926758,1.0018879920244217,0.03907199949026108,14.10643196105957,3.5418241024017334,0.06777600198984146,31.216480255126953
0.01,68,1,5513246.892632347,40,346,9.88697624206543,4.465536117553711,0.8958399891853333,0.02969600073993206,13.417247772216797,3.4903039932250977,0.05644800141453743,30.421056747436523
0.03,69,1,5297657.566187516,40,347,9.886848449707031,4.66758394241333,0.9612799882888794,0.02956799976527691,14.313152313232422,3.5952959060668945,0.0551999993622303,31.395488739013672
0.03,69,1,5140032.871900143,40,348,9.894880294799805,4.560671806335449,0.8865280002355576,0.04729599878191948,13.696703910827637,3.6059839725494385,0.07401599735021591,30.739168167114258
0.0,57,1,5040994.252065169,40,349,9.947999954223633,4.53110408782959,0.9208319932222366,0.028384000062942505,13.500160217285156,3.2058560848236084,0.05398400127887726,30.24665641784668
0.02,59,1,5000932.170800401,40,350,9.949760437011719,4.592959880828857,0.8959680199623108,0.02969600073993206,13.880096435546875,3.3971199989318848,0.055296000093221664,30.84783935546875
0.09,72,1,5020004.574624527,40,351,9.960479736328125,4.593791961669922,0.9025280326604843,0.029279999434947968,13.36838436126709,3.517087936401367,0.05491200089454651,30.427648544311523
0.05,72,1,5098136.26974602,40,352,9.95910358428955,4.5298237800598145,0.9034560024738312,0.03126399964094162,14.249504089355469,3.543423891067505,0.05926400050520897,31.30851173400879
0.06,73,1,5235019.218517937,40,353,9.964639663696289,4.529248237609863,0.9748800247907639,0.02937600016593933,14.23363208770752,3.573728084564209,0.11948800086975098,31.376192092895508
0.01,59,1,5430113.753889982,40,354,9.970175743103027,4.518752098083496,0.9266560077667236,0.028672000393271446,14.319168090820312,3.4794559478759766,0.05462399870157242,31.340255737304688
0.29,100,1,5682650.707069486,40,355,9.906944274902344,4.531744003295898,0.9496640115976334,0.029823999851942062,14.852607727050781,3.629472017288208,0.056703999638557434,32.05062484741211
0.04,70,1,5991634.4400033355,40,356,9.954431533813477,4.494112014770508,0.9149760156869888,0.02937600016593933,14.227616310119629,3.499743938446045,0.0560000017285347,31.237855911254883
0.05,72,1,6355846.770724757,40,357,9.916671752929688,4.575808048248291,0.9172799736261368,0.02969600073993206,15.037471771240234,3.5525760650634766,0.05632000043988228,32.1611213684082
0.09,82,1,6773851.776089385,40,358,9.908224105834961,4.494207859039307,0.9046400040388107,0.0307839997112751,13.650079727172852,3.8759679794311523,0.05830400064587593,31.028608322143555
0.04,73,1,7244001.45296536,40,359,9.961983680725098,4.729343891143799,0.9729919880628586,0.044576000422239304,14.866463661193848,3.597088098526001,0.07254400104284286,32.06083297729492
0.08,84,1,7764442.215558348,40,360,9.990143775939941,4.542367935180664,0.910975992679596,0.03174399957060814,14.769696235656738,3.8037760257720947,0.060416001826524734,32.15216064453125
0.09,82,1,8333122.203255031,40,361,9.908255577087402,4.577631950378418,0.5744320005178452,0.07529599964618683,15.604288101196289,3.680095911026001,0.14099200069904327,33.03811264038086
0.02,72,1,8947799.370173948,40,362,9.98806381225586,4.621535778045654,0.9051199853420258,0.029023999348282814,14.299072265625,3.564863920211792,0.054655998945236206,31.459936141967773
0.0,77,1,9606050.324529909,40,363,9.927871704101562,4.571008205413818,0.9483840018510818,0.029440000653266907,14.13599967956543,3.4318079948425293,0.05552000179886818,31.09894371032715
0.0,77,1,10305279.882963004,40,364,9.906399726867676,4.528063774108887,0.9621119797229767,0.02940800040960312,14.983743667602539,3.3274879455566406,0.05500800162553787,31.90278434753418
0.05,84,1,11042731.30216306,40,365,9.967519760131836,4.498144149780273,0.9796800017356873,0.029184000566601753,13.70576000213623,3.8077759742736816,0.05580800026655197,31.192768096923828
0.0,79,1,11815497.147451581,40,366,9.886431694030762,4.618368148803711,0.9327359944581985,0.03891199827194214,14.788031578063965,3.451200008392334,0.06604799628257751,31.734272003173828
0.01,81,1,12620530.755470697,40,367,9.905887603759766,4.658207893371582,0.7733439952135086,0.030559999868273735,15.298368453979492,3.5949440002441406,0.056543998420238495,32.95075225830078
0.0,81,1,13454658.245788045,40,368,9.895232200622559,4.547904014587402,0.9852159917354584,0.030719999223947525,14.630016326904297,3.5007998943328857,0.08089599758386612,31.831167221069336
0.0,82,1,14314591.034059443,40,369,9.90505599975586,4.535583972930908,0.9475839883089066,0.028672000393271446,14.705471992492676,3.2922561168670654,0.05427199974656105,31.5361270904541
0.0,82,1,15196938.797417901,40,370,9.895039558410645,4.612415790557861,0.6378880143165588,0.029600000008940697,13.673055648803711,3.5910720825195312,0.05552000179886818,30.967199325561523
0.0,82,1,16098222.840970533,40,371,9.893119812011719,4.519423961639404,0.9073920249938965,0.02969600073993206,13.793184280395508,3.526848077774048,0.06809599697589874,30.880704879760742
0.0,82,1,17014889.81270637,40,372,9.933856010437012,4.6080322265625,0.900736004114151,0.030239999294281006,14.684736251831055,3.5575358867645264,0.05689600110054016,31.82624053955078
0.0,82,1,17943325.712742858,40,373,9.906944274902344,4.819424152374268,0.9590719789266586,0.05936000123620033,14.683744430541992,3.504863977432251,0.09929600358009338,31.689632415771484
0.0,82,1,18879870.14167977,40,374,9.895263671875,4.755519866943359,0.9042240232229233,0.02956799976527691,15.498687744140625,3.4530880451202393,0.07462400197982788,32.40681457519531
0.0,82,1,19820830.731884755,40,375,9.88038444519043,4.641727924346924,0.9034560173749924,0.05734400078654289,14.604640007019043,3.3787200450897217,0.08396799862384796,31.472415924072266
0.0,82,1,20762497.70481528,40,376,9.900959968566895,4.524447917938232,0.8941120058298111,0.028704000636935234,14.06761646270752,3.2314560413360596,0.054336000233888626,30.780576705932617
0.0,82,1,21701158.496983826,40,377,9.992287635803223,4.539519786834717,0.8876800239086151,0.02969600073993206,13.97225570678711,3.4474880695343018,0.05632000043988228,31.00943946838379
0.0,82,1,22633112.39690285,40,378,9.877440452575684,4.452064037322998,0.8899840265512466,0.0326399989426136,14.18175983428955,3.5683200359344482,0.06028800085186958,31.215839385986328
0.0,82,1,23554685.13530275,40,379,9.913151741027832,4.572991847991943,0.8836799710988998,0.028672000393271446,14.156991958618164,3.237920045852661,0.05443200096487999,30.944576263427734
0.0,82,1,24462243.37109997,40,380,9.903615951538086,4.525375843048096,0.8245119899511337,0.02969600073993206,15.159040451049805,3.4171199798583984,0.055743999779224396,32.73459243774414
0.0,82,1,25352209.016004466,40,381,9.927040100097656,4.507967948913574,0.8935039788484573,0.028896000236272812,13.869215965270996,3.196063995361328,0.05452800169587135,30.474943161010742
0.0,82,1,26221073.341290057,40,382,9.908639907836914,4.48035192489624,0.8965759873390198,0.04355200007557869,13.773632049560547,3.4054720401763916,0.06924799829721451,30.649599075317383
0.0,82,1,27065410.81111197,40,383,9.88764762878418,4.757152080535889,0.9875839799642563,0.02844800055027008,14.638463973999023,3.405695915222168,0.05430399999022484,31.650432586669922
0.0,82,1,27881892.587832477,40,384,9.93289566040039,4.515999794006348,0.981023982167244,0.030559999868273735,13.586015701293945,3.270848035812378,0.05724800005555153,30.67215919494629
0.0,82,1,28667299.656110097,40,385,9.911168098449707,4.6050238609313965,0.8888320326805115,0.028991999104619026,14.724800109863281,3.3620479106903076,0.07782399654388428,31.70751953125
0.0,82,1,29418535.51400907,40,386,9.903039932250977,4.624544143676758,0.9262079745531082,0.03171199932694435,14.06441593170166,3.4402239322662354,0.08473599702119827,31.139328002929688
0.0,82,1,30132638.381094605,40,387,9.893407821655273,4.579967975616455,0.9641279876232147,0.02985600009560585,14.838144302368164,3.419424057006836,0.05603199824690819,32.316097259521484
0.0,82,1,30806792.875382416,40,388,9.895296096801758,4.495520114898682,0.9175679832696915,0.05603199824690819,14.301376342773438,3.4201600551605225,0.0928959995508194,31.220991134643555
0.0,82,1,31438341.11310655,40,389,9.932543754577637,4.58073616027832,0.8923520147800446,0.02937600016593933,14.007231712341309,3.3855040073394775,0.05603199824690819,30.933311462402344
0.0,82,1,32024793.187542554,40,390,9.907072067260742,4.555232048034668,0.9066240191459656,0.02969600073993206,13.835583686828613,3.441920042037964,0.05632000043988228,30.773408889770508
0.0,82,1,32563836.98557478,40,391,9.909184455871582,4.6793599128723145,0.9040000140666962,0.029279999434947968,13.993311882019043,3.3428800106048584,0.0549440011382103,30.904991149902344
0.0,82,1,33053347.30330389,40,392,9.887200355529785,4.622591972351074,0.8958080112934113,0.029791999608278275,15.324607849121094,3.447808027267456,0.05632000043988228,32.22566223144531
0.0,82,1,33491394.224756844,40,393,9.89568042755127,4.5635199546813965,0.9206399768590927,0.03219199925661087,13.579487800598145,3.636320114135742,0.0727040022611618,30.751455307006836
0.0,82,1,33876250.73066547,40,394,9.890432357788086,4.465856075286865,0.9025279879570007,0.04444799944758415,14.452704429626465,3.5061120986938477,0.09219200164079666,31.441503524780273
0.0,82,1,34206399.5073161,40,395,9.97590446472168,4.853280067443848,0.8924479931592941,0.03033600002527237,15.877120018005371,3.4536960124969482,0.05628800019621849,32.93017578125
0.0,82,1,34480538.928625524,40,396,9.910112380981445,4.663008213043213,0.9136639833450317,0.029343999922275543,15.362560272216797,3.397599935531616,0.055776000022888184,32.268577575683594
0.0,82,1,34697588.18785924,40,397,9.915936470031738,4.543935775756836,0.5965119898319244,0.03049599938094616,14.174528121948242,3.325439929962158,0.05728000029921532,31.202495574951172
0.0,82,1,34856691.55875941,40,398,9.88969612121582,4.676896095275879,0.9212159812450409,0.06137600168585777,16.08755111694336,3.310528039932251,0.10751999914646149,32.91948699951172
0.0,82,1,34957221.76928349,40,399,9.901087760925293,4.538656234741211,0.7804479748010635,0.043007999658584595,14.579392433166504,3.184096097946167,0.08915200084447861,31.766464233398438
0.0,82,1,34998782.47465171,40,400,9.894271850585938,4.488128185272217,0.8955519944429398,0.0289280004799366,14.57414436340332,3.3144960403442383,0.055296000093221664,31.42323112487793
0.0,82,1,34981209.8199539,40,401,9.890175819396973,4.549471855163574,0.9058879762887955,0.03142400085926056,15.119487762451172,3.5831360816955566,0.06111999973654747,32.14591979980469
0.0,82,1,34904573.08615466,40,402,9.924351692199707,4.606400012969971,0.8950079679489136,0.055456001311540604,14.565312385559082,3.2108800411224365,0.084927998483181,31.25993537902832
0.0,82,1,34769174.416950084,40,403,9.897215843200684,4.553696155548096,1.0463999807834625,0.05427199974656105,13.79315185546875,3.4751040935516357,0.08240000158548355,31.007488250732422
0.0,82,1,34575547.62755299,40,404,9.907072067260742,4.7521281242370605,0.9016000181436539,0.046879999339580536,15.309280395507812,3.315455913543701,0.0735040009021759,32.06739044189453
0.0,82,1,34324456.10010291,40,405,9.899328231811523,5.133440017700195,0.9396799951791763,0.0297279991209507,15.653887748718262,3.4563519954681396,0.05615999922156334,32.58806228637695
0.0,82,1,34016889.773998424,40,406,9.9169282913208,4.581855773925781,0.9391679763793945,0.031072000041604042,15.288064002990723,3.5345919132232666,0.06080000102519989,32.414302825927734
0.0,82,1,33654061.24301742,40,407,9.892064094543457,4.578527927398682,0.9417920112609863,0.029632000252604485,15.114144325256348,3.483232021331787,0.05593600124120712,32.07040023803711
0.0,82,1,33237400.974612996,40,408,9.889823913574219,4.512959957122803,1.0040960311889648,0.029664000496268272,13.473855972290039,3.4981119632720947,0.05628800019621849,30.57084846496582
0.0,82,1,32768551.67023228,40,409,9.911487579345703,4.943552017211914,0.9296959638595581,0.03891199827194214,14.461759567260742,3.487839937210083,0.06860800087451935,31.491071701049805
0.0,82,1,32249361.788893856,40,410,9.917183876037598,4.573631763458252,0.9208319783210754,0.029952000826597214,15.227295875549316,3.623807907104492,0.05651199817657471,32.38576126098633
0.0,82,1,31681878.25955652,40,411,9.938719749450684,4.482272148132324,0.8992000073194504,0.03033600002527237,14.468671798706055,3.4507200717926025,0.0560000017285347,32.125953674316406
0.0,82,1,31068338.411012184,40,412,9.956255912780762,4.749023914337158,0.9719999879598618,0.029664000496268272,15.402912139892578,3.320352077484131,0.05526399984955788,32.43046569824219
0.0,82,1,30411161.15111818,40,413,9.90339183807373,4.572512149810791,0.5460479855537415,0.029343999922275543,14.495936393737793,3.655519962310791,0.0549440011382103,32.51264190673828
0.0,82,1,29712937.430146724,40,414,9.894335746765137,4.687295913696289,0.9004160165786743,0.02879999950528145,15.66592025756836,3.3408000469207764,0.055296000093221664,32.770015716552734
0.0,82,1,28976420.025849458,40,415,9.889727592468262,4.667712211608887,0.5469440072774887,0.029152000322937965,15.68342399597168,3.6728320121765137,0.05567999929189682,32.95686340332031
0.0,82,1,28204512.69051028,40,416,9.907423973083496,4.537024021148682,0.898175984621048,0.03174399957060814,16.002336502075195,3.5473599433898926,0.0594559982419014,33.024192810058594
0.0,81,1,27400258.702773497,40,417,9.94108772277832,4.638751983642578,0.9084479957818985,0.02969600073993206,16.036575317382812,3.2645440101623535,0.05632000043988228,32.87590408325195
0.0,81,1,26566828.869384408,40,418,9.928223609924316,4.640639781951904,0.9098879992961884,0.031168000772595406,13.57107162475586,3.4263041019439697,0.05939200147986412,30.590560913085938
0.0,81,1,25707509.024143875,40,419,9.903712272644043,4.661183834075928,0.9023040235042572,0.029055999591946602,14.866623878479004,3.472287893295288,0.05462399870157242,32.213375091552734
0.0,81,1,24825687.073364142,40,420,9.887840270996094,4.5569281578063965,0.9020799994468689,0.030239999294281006,14.234368324279785,3.2796480655670166,0.07577600330114365,31.036672592163086
0.0,81,1,23924839.638898816,40,421,9.893280029296875,4.536928176879883,0.9052799940109253,0.029503999277949333,15.11302375793457,3.2974720001220703,0.05558399856090546,31.92972755432129
0.0,81,1,23008518.351408377,40,422,9.915776252746582,4.648608207702637,0.9113280028104782,0.02864000014960766,15.471391677856445,3.4199039936065674,0.05526399984955788,32.48118209838867
0.0,81,1,22080335.847899865,40,423,9.918880462646484,4.476416110992432,0.8891840279102325,0.02876799926161766,15.670751571655273,3.318592071533203,0.05475199967622757,32.9508171081543
0.0,81,1,21143951.528746706,40,424,9.905792236328125,4.81660795211792,0.8900800198316574,0.029311999678611755,14.529600143432617,3.2856318950653076,0.05516799911856651,31.312768936157227
0.0,81,1,20203057.130341325,40,425,9.89840030670166,4.499423980712891,0.9019519984722137,0.03046399913728237,13.899968147277832,3.2573440074920654,0.05708799883723259,30.62665557861328
0.0,81,1,19261362.170262173,40,426,9.901472091674805,4.71068811416626,0.9150719940662384,0.028672000393271446,14.538816452026367,3.350399971008301,0.053727999329566956,31.34003257751465
0.0,81,1,18322579.32233733,40,427,9.910911560058594,4.621791839599609,0.896607980132103,0.030719999223947525,14.06761646270752,3.244096040725708,0.0568000003695488,30.75040054321289
0.0,81,1,17390409.77926448,40,428,9.911680221557617,4.495935916900635,0.8808639794588089,0.029920000582933426,14.120096206665039,3.456415891647339,0.05644800141453743,31.06515121459961
0.0,81,1,16468528.660496015,40,429,9.899904251098633,4.53715181350708,0.9203839898109436,0.028672000393271446,15.519840240478516,3.2040319442749023,0.05446400120854378,32.209407806396484
0.0,81,1,15560570.5229185,40,430,9.892800331115723,4.820127964019775,0.8850880265235901,0.04278400167822838,15.365728378295898,3.4732160568237305,0.06963200122117996,32.278751373291016
0.0,81,1,14670115.031452455,40,431,9.903103828430176,4.5405120849609375,0.8939200043678284,0.063680000603199,14.032896041870117,3.342047929763794,0.09011200070381165,30.86524772644043
0.0,81,1,13800672.846065493,40,432,9.896896362304688,4.559328079223633,0.9153599888086319,0.04399999976158142,14.072928428649902,3.398240089416504,0.0700799971818924,30.960031509399414
0.0,81,1,12955671.780841567,40,433,9.899552345275879,4.607935905456543,0.8881280273199081,0.02969600073993206,14.068127632141113,3.3210880756378174,0.055743999779224396,30.865055084228516
0.0,81,1,12138443.28967233,40,434,9.90659236907959,4.439583778381348,0.8947520107030869,0.029055999591946602,14.163904190063477,3.5210559368133545,0.05548800155520439,31.161376953125
0.04,84,1,11352209.331853805,40,435,9.965632438659668,4.6715521812438965,0.9341760277748108,0.03033600002527237,15.15334415435791,3.7314560413360596,0.0562559999525547,32.44230270385742
0.05,84,1,10600069.669370122,40,436,9.893856048583984,4.626880168914795,0.90659199655056,0.029184000566601753,14.189311981201172,3.7460479736328125,0.055424001067876816,31.384992599487305
0.05,82,1,9884989.64594568,40,437,9.912991523742676,4.656320095062256,0.9613119810819626,0.031199999153614044,15.382559776306152,3.809760093688965,0.05929600074887276,32.771583557128906
0.06,83,1,9209788.496046348,40,438,9.95411205291748,4.5728960037231445,0.9002559781074524,0.029152000322937965,13.815072059631348,3.542527914047241,0.055296000093221664,30.88377571105957
0.01,68,1,8577128.229924096,40,439,9.926591873168945,4.986400127410889,0.9628160297870636,0.028672000393271446,16.40399932861328,3.3707199096679688,0.05427199974656105,33.3787841796875
0.1,84,1,7989503.1385241,40,440,9.939616203308105,4.481664180755615,0.9312000274658203,0.0655680000782013,14.103263854980469,3.797856092453003,0.09641599655151367,31.44803237915039
0.09,84,1,7449229.959633224,40,441,9.956000328063965,10.832799911499023,0.9054080247879028,0.027904000133275986,20.79644775390625,3.738431930541992,0.053247999399900436,38.029151916503906
0.1,84,1,6958438.744038818,40,442,9.91100788116455,4.5200958251953125,0.5200000144541264,0.02969600073993206,15.054047584533691,3.891808032989502,0.05558399856090546,33.24671936035156
0.07,74,1,6519064.457710188,40,443,9.951264381408691,4.576096057891846,0.9124480038881302,0.031647998839616776,13.823871612548828,3.605855941772461,0.05894400179386139,30.951744079589844
0.06,72,1,6132839.353109881,40,444,9.965888023376465,4.4838080406188965,0.915456011891365,0.028672000393271446,13.282912254333496,3.5583999156951904,0.05475199967622757,30.36944007873535
0.07,73,1,5801286.139712224,40,445,9.977408409118652,4.837952136993408,0.885471984744072,0.028704000636935234,14.66198444366455,3.530463933944702,0.055296000093221664,31.723360061645508
0.08,72,1,5525711.98065407,40,446,9.944992065429688,4.568416118621826,0.964576005935669,0.030208000913262367,13.701215744018555,3.5882880687713623,0.056832000613212585,30.879167556762695
0.3,100,1,5307203.339186689,40,447,9.996864318847656,4.588575839996338,0.9414399862289429,0.028672000393271446,14.260992050170898,3.3760640621185303,0.08803199976682663,31.277503967285156
0.09,72,1,5146621.69524654,40,448,9.888319969177246,4.706751823425293,0.970815971493721,0.029503999277949333,14.465888023376465,3.5106561183929443,0.05523199960589409,31.515552520751953
0.09,72,1,5044600.14903276,40,449,9.901408195495605,4.482880115509033,0.8927999883890152,0.08256000280380249,13.662495613098145,3.5664639472961426,0.13622400164604187,30.704832077026367
0.01,58,1,5001540.924981678,40,450,9.970335960388184,4.569151878356934,0.8999040126800537,0.08604799956083298,15.406944274902344,3.3355839252471924,0.11462400108575821,32.24425506591797
