pruning_thresh,quality,technique,bandwidth,mAP_drop,frame_id,sparsity,decomposability,regularity,pictoriality,datasize_est,datasize_real,reconstruct_snr,target_cmp,target_snr
100,0,1,34970430.91989335,40,1,-1,-1,-1,-1,76680,77424,24.558444023132324,15.835641295600281,20
90,0,1,34881840.25697317,40,2,-1,-1,-1,-1,7060,7804,21.710505485534668,15.87585964273473,20
80,0,1,34734577.28382728,40,3,-1,-1,-1,-1,3695,4439,17.813875675201416,15.943167969913492,20
70,0,1,34529222.59120898,40,4,-1,-1,-1,-1,3922,4666,16.082438230514526,16.03798633279946,20
60,0,1,34266585.79903243,40,5,-1,-1,-1,-1,3160,3904,14.284831285476685,16.160909734276384,20
50,0,1,33947702.364410535,40,6,-1,-1,-1,-1,2741,3485,13.084499835968018,16.312715189248294,20
100,0.05,1,33573829.49931972,40,7,-1,-1,-1,-1,41694,42438,24.114489555358887,16.494371010349617,20
90,0.05,1,33146441.213986304,40,8,-1,-1,-1,-1,6575,7319,20.211734771728516,16.707048470902816,20
80,0.05,1,32667222.505536392,40,9,-1,-1,-1,-1,3512,4256,16.819242238998413,16.95213604113868,20
70,0.05,1,32138062.71482048,40,10,-1,-1,-1,-1,3521,4265,15.25073766708374,17.231256436145557,20
60,0.05,1,31561048.077604026,40,11,-1,-1,-1,-1,2855,3599,13.283734321594238,17.546286759499793,20
50,0.05,1,30938453.499491103,40,12,-1,-1,-1,-1,2577,3321,12.373554706573486,17.899382075096575,20
100,0.1,1,30272733.58700893,40,13,-1,-1,-1,-1,39309,40053,16.733505725860596,18.29300279105438,20
90,0.1,1,29566512.970213614,40,14,-1,-1,-1,-1,7404,8148,16.903057098388672,18.72994629288538,20
80,0.1,1,28822575.954970628,40,15,-1,-1,-1,-1,4689,5433,15.511105060577393,19.21338331678496,20
70,0.1,1,28043855.54570636,40,16,-1,-1,-1,-1,3923,4667,13.956491947174072,19.746899605064684,20
60,0.1,1,27233421.88190912,40,17,-1,-1,-1,-1,3140,3884,12.570210695266724,20.3345434298093,20
50,0.1,1,26394470.13396903,40,18,-1,-1,-1,-1,2239,2983,11.131397485733032,20.980879600507677,20
100,0.15,1,25530307.90607815,40,19,-1,-1,-1,-1,38456,39200,12.780903577804565,21.691050575545884,20
90,0.15,1,24644342.19585536,40,20,-1,-1,-1,-1,8849,9593,12.67979621887207,22.47084525928769,20
80,0.15,1,23740065.962108318,40,21,-1,-1,-1,-1,4837,5581,11.91158652305603,23.32677596110688,20
70,0.15,1,22821044.35368957,40,22,-1,-1,-1,-1,3471,4215,10.98694920539856,24.26616378362493,20
60,0.15,1,21890900.65374034,40,23,-1,-1,-1,-1,2745,3489,9.93637502193451,25.29723234139203,20
50,0.15,1,20953301.994737215,40,24,-1,-1,-1,-1,2606,3350,9.083395004272461,26.42920911172336,20
100,0.2,1,20011944.900661,40,25,-1,-1,-1,-1,27144,27888,9.36189889907837,27.672432776971544,20
90,0.2,1,19070540.71328818,40,26,-1,-1,-1,-1,5551,6295,9.130625128746033,29.038463477552664,20
80,0.2,1,18132800.960062645,40,27,-1,-1,-1,-1,3105,3849,8.754065036773682,30.54019074161209,20
70,0.2,1,17202422.721235376,40,28,-1,-1,-1,-1,2651,3395,8.217391967773438,32.191930693366366,20
60,0.2,1,16283074.053962823,40,29,-1,-1,-1,-1,2429,3173,7.645878791809082,34.00949956775676,20
50,0.2,1,15378379.530830115,40,30,-1,-1,-1,-1,2009,2753,7.159140706062317,36.01024405008343,20
100,0.25,1,14491905.949814126,40,31,-1,-1,-1,-1,12143,12887,7.156679034233093,38.21299985783463,20
90,0.25,1,13627148.272025462,40,32,-1,-1,-1,-1,3201,3945,6.891538500785828,40.63793751601188,20
80,0.25,1,12787515.842670444,40,33,-1,-1,-1,-1,2560,3304,6.67496383190155,43.30623764719834,20
70,0.25,1,11976318.949557556,40,34,-1,-1,-1,-1,1918,2662,6.397563219070435,46.23951669393862,20
60,0.25,1,11196755.77214211,40,35,-1,-1,-1,-1,1836,2580,5.882774591445923,49.4588978512705,20
50,0.25,1,10451899.77256292,40,36,-1,-1,-1,-1,1705,2449,5.36190390586853,52.98359265305195,20
100,0.35,1,9744687.57838259,40,37,-1,-1,-1,-1,2723,3467,5.178660750389099,56.82883063675557,20
90,0.35,1,9077907.404804064,40,38,-1,-1,-1,-1,1769,2513,4.968240559101105,61.00295754360062,20
80,0.35,1,8454188.062009484,40,39,-1,-1,-1,-1,1593,2337,4.784880578517914,65.50353457223328,20
70,0.35,1,7875988.590960344,40,40,-1,-1,-1,-1,1489,2233,4.659482538700104,70.3123415688539,20
60,0.35,1,7345588.568520261,40,41,-1,-1,-1,-1,1506,2250,4.2287033796310425,75.38935714058874,20
50,0.35,1,6865079.120122829,40,42,-1,-1,-1,-1,1448,2192,3.7171801924705505,80.66610599967737,20
100,0,1,6436354.675417615,40,43,-1,-1,-1,-1,51531,52275,29.88837957382202,86.03926103001288,20
90,0,1,6061105.49939784,40,44,-1,-1,-1,-1,10133,10877,20.821826457977295,91.3660387622385,20
80,0,1,5740811.028456267,40,45,-1,-1,-1,-1,5668,6412,16.731109619140625,96.46358280302321,20
70,0,1,5476734.037642086,40,46,-1,-1,-1,-1,4057,4801,13.810219764709473,101.11486082651187,20
60,0,1,5269915.662114728,40,47,-1,-1,-1,-1,2815,3559,11.65435791015625,105.08312381184821,20
50,0,1,5121171.292422662,40,48,-1,-1,-1,-1,3045,3789,10.911145210266113,108.13526210681088,20
100,0.05,1,5031087.359790262,40,49,-1,-1,-1,-1,45571,46315,22.496962547302246,110.07147369889562,20
90,0.05,1,5000019.0240869075,40,50,-1,-1,-1,-1,8691,9435,19.140876531600952,110.75541859585823,20
80,0.05,1,5028088.773593556,40,51,-1,-1,-1,-1,5833,6577,16.765666007995605,110.13711669299269,20
70,0.05,1,5115185.942087313,40,52,-1,-1,-1,-1,4434,5178,14.392306804656982,108.26179268353708,20
60,0.05,1,5260967.145147875,40,53,-1,-1,-1,-1,3417,4161,12.61924147605896,105.26186245256135,20
50,0.05,1,5464857.633965731,40,54,-1,-1,-1,-1,3227,3971,10.330365896224976,101.33460688126549,20
100,0.1,1,5726053.561314635,40,55,-1,-1,-1,-1,43973,44717,13.675308227539062,96.71219349769036,20
90,0.1,1,6043525.150754677,40,56,-1,-1,-1,-1,12668,13412,13.498892784118652,91.63181854730058,20
80,0.1,1,6416020.756571224,40,57,-1,-1,-1,-1,6526,7270,12.676522731781006,86.31194022133188,20
70,0.1,1,6842071.7984432485,40,58,-1,-1,-1,-1,5352,6096,10.154143571853638,80.93735586434497,20
60,0.1,1,7319998.551385863,40,59,-1,-1,-1,-1,4434,5178,9.719280004501343,75.65291114643124,20
50,0.1,1,7847916.768140011,40,60,-1,-1,-1,-1,3385,4129,9.593231081962585,70.56384724264194,20
100,0.15,1,8423745.107900238,40,61,-1,-1,-1,-1,43887,44631,11.440975666046143,65.74026076366393,20
90,0.15,1,9045213.342092402,40,62,-1,-1,-1,-1,12808,13552,11.954132318496704,61.2234536716738,20
80,0.15,1,9709871.304849759,40,63,-1,-1,-1,-1,6249,6993,11.76351547241211,57.03259936343395,20
70,0.15,1,10415098.552899739,40,64,-1,-1,-1,-1,3955,4699,11.282339096069336,53.17080747601937,20
60,0.15,1,11158114.696776876,40,65,-1,-1,-1,-1,2849,3593,10.476913452148438,49.63017633794033,20
50,0.15,1,11935990.362630645,40,66,-1,-1,-1,-1,2133,2877,9.900248646736145,46.39574791663532,20
100,0.2,1,12745658.741410851,40,67,-1,-1,-1,-1,24683,25427,10.071215629577637,43.44845654785675,20
90,0.2,1,13583927.679897219,40,68,-1,-1,-1,-1,5220,5964,9.974988102912903,40.767237064986354,20
80,0.2,1,14447492.265904002,40,69,-1,-1,-1,-1,3277,4021,9.762480854988098,38.330472154459336,20
70,0.2,1,15332947.858041767,40,70,-1,-1,-1,-1,2474,3218,9.314305782318115,36.11694275145898,20
60,0.2,1,16236803.508665863,40,71,-1,-1,-1,-1,1984,2728,8.783895373344421,34.1064175411397,20
50,0.2,1,17155495.727091204,40,72,-1,-1,-1,-1,2177,2921,8.483584523200989,32.27998822123783,20
100,0.25,1,18085402.528811127,40,73,-1,-1,-1,-1,6861,7605,8.434612154960632,30.620230825263448,20
90,0.25,1,19022857.715330712,40,74,-1,-1,-1,-1,2939,3683,8.227697610855103,29.11125175234338,20
80,0.25,1,19964165.328315776,40,75,-1,-1,-1,-1,2297,3041,7.877079248428345,27.738660289221222,20
70,0.25,1,20905614.22107119,40,76,-1,-1,-1,-1,1871,2615,7.68196702003479,26.48949675163501,20
60,0.25,1,21843492.689900126,40,77,-1,-1,-1,-1,1880,2624,7.34407901763916,25.35213611951597,20
50,0.25,1,22774103.10765924,40,78,-1,-1,-1,-1,1816,2560,7.033969163894653,24.3161804169472,20
100,0.35,1,23693776.50181642,40,79,-1,-1,-1,-1,2144,2888,6.665714979171753,23.372348429029284,20
90,0.35,1,24598887.019536495,40,80,-1,-1,-1,-1,1774,2518,6.139926910400391,22.512368123004396,20
80,0.35,1,25485866.22276561,40,81,-1,-1,-1,-1,1545,2289,6.082572937011719,21.728874944235912,20
70,0.35,1,26351217.156955346,40,82,-1,-1,-1,-1,1728,2472,5.908470153808594,21.015317687283037,20
60,0.35,1,27191528.13795993,40,83,-1,-1,-1,-1,1514,2258,5.776325464248657,20.365872678811048,20
50,0.35,1,28003486.2027511,40,84,-1,-1,-1,-1,1414,2158,5.630764961242676,19.775366395116762,20
100,0,1,28783890.170920722,40,85,-1,-1,-1,-1,53336,54080,31.99338436126709,19.239206261267014,20
90,0,1,29529663.26547541,40,86,-1,-1,-1,-1,9599,10343,18.00986409187317,18.753319163224276,20
80,0,1,30237865.243165262,40,87,-1,-1,-1,-1,10964,11708,20.04563331604004,18.314097094707172,20
70,0,1,30905703.98652228,40,88,-1,-1,-1,-1,2580,3324,15.280108451843262,17.91834931964334,20
60,0,1,31530546.511906367,40,89,-1,-1,-1,-1,4291,5035,16.181164979934692,17.563260433525482,20
50,0,1,32109929.350159258,40,90,-1,-1,-1,-1,5260,6004,16.93159580230713,17.24635373566318,20
100,0.05,1,32641568.25894005,40,91,-1,-1,-1,-1,55828,56572,29.263694286346436,16.96545936785154,20
90,0.05,1,33123367.228451196,40,92,-1,-1,-1,-1,12403,13147,27.962749004364014,16.718686725917568,20
80,0.05,1,33553426.7450494,40,93,-1,-1,-1,-1,3298,4042,24.850687980651855,16.504400704220373,20
70,0.05,1,33930051.28016173,40,94,-1,-1,-1,-1,4423,5167,23.51790189743042,16.321201386565082,20
60,0.05,1,34251755.97498168,40,95,-1,-1,-1,-1,3010,3754,18.915538787841797,16.167906848469137,20
50,0.05,1,34517272.49459034,40,96,-1,-1,-1,-1,2551,3295,14.494483470916748,16.04353878443872,20
100,0.1,1,34725554.028422646,40,97,-1,-1,-1,-1,37742,38486,17.971389293670654,15.947310719556416,20
90,0.1,1,34875779.41736412,40,98,-1,-1,-1,-1,10470,11214,17.757256031036377,15.878618607281412,20
80,0.1,1,34967356.3912068,40,99,-1,-1,-1,-1,8997,9741,19.16075587272644,15.837033655173833,20
70,0.1,1,34999923.90370063,40,100,-1,-1,-1,-1,5725,6469,19.02442455291748,15.822297257664825,20
60,0.1,1,34973353.55599416,40,101,-1,-1,-1,-1,3510,4254,18.34641456604004,15.834317950475372,20
50,0.1,1,34887750.1028527,40,102,-1,-1,-1,-1,2577,3321,17.123191356658936,15.873170335358443,20
100,0.15,1,34743451.03965804,40,103,-1,-1,-1,-1,37246,37990,17.992680072784424,15.939095957044875,20
90,0.15,1,34541025.27181802,40,104,-1,-1,-1,-1,13409,14153,18.373128175735474,16.032506147170675,20
80,0.15,1,34281270.87183197,40,105,-1,-1,-1,-1,4797,5541,18.340657949447632,16.15398688311249,20
70,0.15,1,33965211.93285472,40,106,-1,-1,-1,-1,3363,4107,15.568962097167969,16.30430574361665,20
60,0.15,1,33594094.53116427,40,107,-1,-1,-1,-1,2955,3699,14.72109079360962,16.48442107842124,20
50,0.15,1,33169381.813451238,40,108,-1,-1,-1,-1,2362,3106,14.576425552368164,16.695493546262743,20
100,0.2,1,32692748.228298604,40,109,-1,-1,-1,-1,27727,28471,15.076473951339722,16.938900215205916,20
90,0.2,1,32166072.924594484,40,110,-1,-1,-1,-1,6446,7190,15.045818090438843,17.216251461538384,20
80,0.2,1,31591432.34290494,40,111,-1,-1,-1,-1,3054,3798,13.948330879211426,17.529410948800244,20
70,0.2,1,30971092.029015634,40,112,-1,-1,-1,-1,3025,3769,13.61302375793457,17.88051901693313,20
60,0.2,1,30307497.70191788,40,113,-1,-1,-1,-1,2458,3202,13.48863959312439,18.272019862760114,20
50,0.2,1,29603265.611453842,40,114,-1,-1,-1,-1,2128,2872,13.235423564910889,18.706692946258485,20
100,0.25,1,28861172.22363639,40,115,-1,-1,-1,-1,10370,11114,13.21909785270691,19.187689110786437,20
90,0.25,1,28084143.274309665,40,116,-1,-1,-1,-1,2957,3701,12.955386638641357,19.71857195681581,20
80,0.25,1,27275242.234306708,40,117,-1,-1,-1,-1,1871,2615,12.674219608306885,20.303365053288452,20
70,0.25,1,26437658.231580887,40,118,-1,-1,-1,-1,1656,2400,12.39051103591919,20.94660560134209,20
60,0.25,1,25574693.477928545,40,119,-1,-1,-1,-1,1626,2370,12.146075963973999,21.653405170932828,20
50,0.25,1,24689750.2498737,40,120,-1,-1,-1,-1,1613,2357,11.777516603469849,22.42951809538182,20
100,0.35,1,23786317.475043014,40,121,-1,-1,-1,-1,1482,2226,11.559746265411377,23.28141800768589,20
90,0.35,1,22867956.97691516,40,122,-1,-1,-1,-1,1606,2350,11.509425640106201,24.216382799697907,20
80,0.35,1,21938289.432174925,40,123,-1,-1,-1,-1,1406,2150,11.299939155578613,25.242587928839228,20
70,0.35,1,21000980.096036043,40,124,-1,-1,-1,-1,1404,2148,11.085234880447388,26.369207411635344,20
60,0.35,1,20059724.35181118,40,125,-1,-1,-1,-1,1442,2186,10.779846906661987,27.60652092160975,20
50,0.35,1,19118233.141700584,40,126,-1,-1,-1,-1,1402,2146,10.322751998901367,28.96602399894893,20
100,0,1,18180218.336239126,40,127,-1,-1,-1,-1,48498,49242,34.64531898498535,30.460536268485665,20
90,0,1,17249378.10008329,40,128,-1,-1,-1,-1,12171,12915,28.227055072784424,32.10429945861793,20
80,0,1,16329382.31183438,40,129,-1,-1,-1,-1,5235,5979,25.59274911880493,33.913052522425176,20
70,0,1,15423858.09538041,40,130,-1,-1,-1,-1,3729,4473,22.83604860305786,35.90406476612113,20
60,0,1,14536375.519800749,40,131,-1,-1,-1,-1,3384,4128,20.873279571533203,38.096098937845184,20
50,0,1,13670433.524211444,40,132,-1,-1,-1,-1,3118,3862,19.95848298072815,40.509263954154214,20
100,0.05,1,12829446.123043844,40,133,-1,-1,-1,-1,48229,48973,31.26533031463623,43.16470054037012,20
90,0.05,1,12016728.946142506,40,134,-1,-1,-1,-1,12394,13138,28.488924503326416,46.0840219066245,20
80,0.05,1,11235486.166748429,40,135,-1,-1,-1,-1,5112,5856,25.828824043273926,49.28840566231276,20
70,0.05,1,10488797.868905209,40,136,-1,-1,-1,-1,4643,5387,23.306474685668945,52.79720392378978,20
60,0.05,1,9779607.904091978,40,137,-1,-1,-1,-1,3618,4362,20.89768409729004,56.625910305492724,20
50,0.05,1,9110712.28495945,40,138,-1,-1,-1,-1,3147,3891,19.865635633468628,60.783304606623815,20
100,0.1,1,8484748.161926962,40,139,-1,-1,-1,-1,47451,48195,24.34206247329712,65.26760599506488,20
90,0.1,1,7904183.426100925,40,140,-1,-1,-1,-1,19816,20560,22.5638747215271,70.06153199473195,20
80,0.1,1,7371306.979505418,40,141,-1,-1,-1,-1,7858,8602,21.043968200683594,75.12632448216885,20
70,0.1,1,6888219.710985273,40,142,-1,-1,-1,-1,5523,6267,19.92404818534851,80.39511270478754,20
60,0.1,1,6456826.213359369,40,143,-1,-1,-1,-1,4058,4802,18.985430002212524,85.76647128185269,20
50,0.1,1,6078827.274479518,40,144,-1,-1,-1,-1,3117,3861,17.76156783103943,91.09967679537593,20
100,0.15,1,5755713.171799606,40,145,-1,-1,-1,-1,41210,41954,19.264636039733887,96.21382849883275,20
90,0.15,1,5488757.796891045,40,146,-1,-1,-1,-1,6383,7127,13.432008028030396,100.89335702035767,20
80,0.15,1,5279013.633069256,40,147,-1,-1,-1,-1,5568,6312,13.96217942237854,104.90202119027846,20
70,0.15,1,5127307.60593183,40,148,-1,-1,-1,-1,3903,4647,13.380967378616333,108.00584684237155,20
60,0.15,1,5034237.82316797,40,149,-1,-1,-1,-1,2457,3201,12.809303998947144,110.00259015405733,20
50,0.15,1,5000171.216492629,40,150,-1,-1,-1,-1,2357,3101,12.383553981781006,110.75204748457566,20
100,0.2,1,5025242.095002033,40,151,-1,-1,-1,-1,28724,29468,12.600034475326538,110.19950671645721,20
90,0.2,1,5109351.615654184,40,152,-1,-1,-1,-1,5820,6564,12.31948733329773,108.38541593092063,20
80,0.2,1,5252168.1729619,40,153,-1,-1,-1,-1,2921,3665,11.704671382904053,105.43820794826198,20
70,0.2,1,5453128.706362028,40,154,-1,-1,-1,-1,2228,2972,11.334728002548218,101.55256364184469,20
60,0.2,1,5711440.920106519,40,155,-1,-1,-1,-1,2020,2764,10.774248838424683,96.95963028357333,20
50,0.2,1,6026086.406923287,40,156,-1,-1,-1,-1,2023,2767,10.29356598854065,91.89698962228135,20
100,0.25,1,6395824.66313166,40,157,-1,-1,-1,-1,6734,7478,10.03825068473816,86.58448740663988,20
90,0.25,1,6819197.979382819,40,158,-1,-1,-1,-1,2786,3530,9.868509769439697,81.20884621245746,20
80,0.25,1,7294537.187742973,40,159,-1,-1,-1,-1,2154,2898,9.493876695632935,75.91697536761022,20
70,0.25,1,7819968.242461504,40,160,-1,-1,-1,-1,1810,2554,9.225924015045166,70.81604206434551,20
60,0.25,1,8393419.608478714,40,161,-1,-1,-1,-1,1749,2493,8.8289475440979,65.97778090834316,20
50,0.25,1,9012630.428544084,40,162,-1,-1,-1,-1,1774,2518,8.4153151512146,61.44479177201305,20
100,0.35,1,9675159.43674542,40,163,-1,-1,-1,-1,2462,3206,8.149983882904053,57.23721698030054,20
90,0.35,1,10378394.583307197,40,164,-1,-1,-1,-1,1746,2490,7.931920886039734,53.358850018162606,20
80,0.35,1,11119563.332711764,40,165,-1,-1,-1,-1,1574,2318,7.727631330490112,49.80224343620408,20
70,0.35,1,11895743.594542589,40,166,-1,-1,-1,-1,1531,2275,7.568944692611694,46.552718255801786,20
60,0.35,1,12703875.24395448,40,167,-1,-1,-1,-1,1430,2174,6.982822418212891,43.59136006656964,20
50,0.35,1,13540772.1863503,40,168,-1,-1,-1,-1,1439,2183,6.614171862602234,40.89716541854489,20
100,0,1,14403134.918699332,40,169,-1,-1,-1,-1,45745,46489,30.958359241485596,38.448518543073455,20
90,0,1,15287563.537973022,40,170,-1,-1,-1,-1,12394,13138,24.86483335494995,36.224163426988156,20
80,0,1,16190571.14541247,40,171,-1,-1,-1,-1,4125,4869,19.458484649658203,34.20380881108762,20
70,0,1,17108597.593780193,40,172,-1,-1,-1,-1,3098,3842,16.580840349197388,32.368474210961956,20
60,0,1,18038023.523397237,40,173,-1,-1,-1,-1,2872,3616,14.82907772064209,30.700658488536142,20
50,0,1,18975184.631628178,40,174,-1,-1,-1,-1,3140,3884,14.021767377853394,29.18439060018161,20
100,0.05,1,19916386.119555347,40,175,-1,-1,-1,-1,47737,48481,25.5952787399292,27.805205054558545,20
90,0.05,1,20857917.258886393,40,176,-1,-1,-1,-1,14253,14997,22.883875370025635,26.55007176059564,20
80,0.05,1,21796066.021663696,40,177,-1,-1,-1,-1,5414,6158,19.42535400390625,25.407300539904035,20
70,0.05,1,22727133.715098146,40,178,-1,-1,-1,-1,5484,6228,17.107081413269043,24.366433838162003,20
60,0.05,1,23647449.56382818,40,179,-1,-1,-1,-1,3747,4491,15.550717115402222,23.418136425463683,20
50,0.05,1,24553385.182113152,40,180,-1,-1,-1,-1,2938,3682,14.191821813583374,22.554087588843817,20
100,0.1,1,25441368.878903966,40,181,-1,-1,-1,-1,42249,42993,18.702951669692993,21.76687907934053,20
90,0.1,1,26307899.73939207,40,182,-1,-1,-1,-1,13508,14252,19.631617069244385,21.04992057464778,20
80,0.1,1,27149561.427520353,40,183,-1,-1,-1,-1,6619,7363,18.35338830947876,20.39735343343917,20
70,0.1,1,27963035.65503824,40,184,-1,-1,-1,-1,4852,5596,16.590737104415894,19.803972888766918,20
60,0.1,1,28745115.26399934,40,185,-1,-1,-1,-1,3964,4708,15.271875858306885,19.26515844219134,20
50,0.1,1,29492716.87112271,40,186,-1,-1,-1,-1,3239,3983,13.913264274597168,18.77681199802326,20
100,0.15,1,30202893.024167128,40,187,-1,-1,-1,-1,40122,40866,15.035510063171387,18.335303163074094,20
90,0.15,1,30872843.82239139,40,188,-1,-1,-1,-1,9894,10638,14.943797588348389,17.937421093626504,20
80,0.15,1,31499927.95528613,40,189,-1,-1,-1,-1,4967,5711,14.314343929290771,17.580332272063757,20
70,0.15,1,32081673.116056807,40,190,-1,-1,-1,-1,4154,4898,13.427029848098755,17.261543623260557,20
60,0.15,1,32615785.74880199,40,191,-1,-1,-1,-1,4214,4958,12.37224817276001,16.978870423820492,20
50,0.15,1,33100160.090958565,40,192,-1,-1,-1,-1,3021,3765,11.614947319030762,16.730408507941533,20
100,0.2,1,33532886.475363195,40,193,-1,-1,-1,-1,33810,34554,11.805150508880615,16.51451032725336,20
90,0.2,1,33912258.859199256,40,194,-1,-1,-1,-1,7945,8689,11.700040102005005,16.329764475414127,20
80,0.2,1,34236781.5501457,40,195,-1,-1,-1,-1,4072,4816,11.304043531417847,16.17497833985634,20
70,0.2,1,34505175.10320986,40,196,-1,-1,-1,-1,3200,3944,10.86948275566101,16.049163591941443,20
60,0.2,1,34716381.36499564,40,197,-1,-1,-1,-1,2554,3298,10.414080619812012,15.951524272583688,20
50,0.2,1,34869567.645519875,40,198,-1,-1,-1,-1,2369,3113,9.922137260437012,15.881447273153984,20
100,0.25,1,34964130.001129225,40,199,-1,-1,-1,-1,10234,10978,9.637656211853027,15.838495051417402,20
90,0.25,1,34999695.6155746,40,200,-1,-1,-1,-1,3351,4095,9.410308003425598,15.82240045977921,20
80,0.25,1,34976124.26985567,40,201,-1,-1,-1,-1,2082,2826,9.08797025680542,15.833063598681147,20
70,0.25,1,34893508.8950404,40,202,-1,-1,-1,-1,2105,2849,8.80687952041626,15.870550642119904,20
60,0.25,1,34752175.205880255,40,203,-1,-1,-1,-1,1797,2541,8.478879928588867,15.935094615496112,20
50,0.25,1,34552680.41666543,40,204,-1,-1,-1,-1,1796,2540,8.05861234664917,16.027098138901593,20
100,0.35,1,34295811.044383034,40,205,-1,-1,-1,-1,1881,2625,7.820266485214233,16.147138182075384,20
90,0.35,1,33982579.807839155,40,206,-1,-1,-1,-1,1585,2329,7.576683759689331,16.29597291116354,20
80,0.35,1,33614221.63497056,40,207,-1,-1,-1,-1,1469,2213,7.354253530502319,16.474550742649825,20
70,0.35,1,33192188.794086717,40,208,-1,-1,-1,-1,1452,2196,7.141693830490112,16.684021756909786,20
60,0.35,1,32718145.168238293,40,209,-1,-1,-1,-1,1409,2153,6.814136505126953,16.925751663257206,20
100,0.02,1,32193959.695284836,40,210,-1,-1,-1,-1,51588,52332,29.32565450668335,17.20133855050788,20
100,0.01,1,31621698.999525104,40,211,-1,-1,-1,-1,46187,46931,40.91219425201416,17.512632702256656,20
100,0.02,1,31003619.243939705,40,212,-1,-1,-1,-1,42813,43557,38.82515907287598,17.861759804325025,20
100,0.04,1,30342157.235169377,40,213,-1,-1,-1,-1,32335,33079,34.64039325714111,18.251147922934052,20
100,0.05,1,29639920.816297382,40,214,-1,-1,-1,-1,44899,45643,34.39512491226196,18.683558685335857,20
100,0.06,1,28899678.58531356,40,215,-1,-1,-1,-1,43697,44441,32.36900091171265,19.162123148366895,20
100,0.07,1,28124348.9797947,40,216,-1,-1,-1,-1,40147,40891,30.951368808746338,19.690382891986232,20
100,0.08,1,27316988.77083616,40,217,-1,-1,-1,-1,41278,42022,29.666752815246582,20.27233691991773,20
100,0.09,1,26480781.011596978,40,218,-1,-1,-1,-1,45128,45872,28.30550193786621,20.912494981076208,20
100,0.1,1,25619022.487973116,40,219,-1,-1,-1,-1,37193,37937,27.139370441436768,21.615937932837696,20
100,0.12,1,24735110.720873456,40,220,-1,-1,-1,-1,42254,42998,25.476598739624023,22.388385734318828,20
82,0.0,1,23832530.57134462,40,221,-1,-1,-1,-1,10965,11709,22.857937812805176,23.23627356072058,20
100,0.13,1,22914840.501352366,40,222,-1,-1,-1,-1,45762,46506,23.143773078918457,24.16683633330625,20
100,0.13,1,21985658.54438912,40,223,-1,-1,-1,-1,46319,47063,22.729487419128418,25.188201612515627,20
100,0.14,1,21048648.041217387,40,224,-1,-1,-1,-1,39365,40109,22.24151611328125,26.30949023023196,20
80,0.0,1,20107503.19698775,40,225,-1,-1,-1,-1,6233,6977,21.3950777053833,27.540923135745675,20
100,0.15,1,19165934.51667232,40,226,-1,-1,-1,-1,39670,40414,21.524133682250977,28.89393154913845,20
100,0.15,1,18227654.176235624,40,227,-1,-1,-1,-1,40257,41001,21.231753826141357,30.381265446762306,20
100,0.17,1,17296361.387217592,40,228,-1,-1,-1,-1,34991,35735,20.76378583908081,32.01709235846885,20
82,0.07,1,16375727.812428923,40,229,-1,-1,-1,-1,8657,9401,21.361994743347168,33.81707404660757,20
75,0.03,1,15469383.090259343,40,230,-1,-1,-1,-1,6240,6984,20.058813095092773,35.79840235184943,20
74,0.02,1,14580900.524667937,40,231,-1,-1,-1,-1,7710,8454,20.28099536895752,37.97976668609167,20
75,0.01,1,13713782.99727549,40,232,-1,-1,-1,-1,7608,8352,19.725947380065918,40.381213565215305,20
75,0.01,1,12871449.157099199,40,233,-1,-1,-1,-1,8643,9387,19.624685049057007,43.023842400415745,20
74,0.01,1,12057219.942378677,40,234,-1,-1,-1,-1,6057,6801,18.623727560043335,45.929260861666684,20
100,0.19,1,11274305.487630574,40,235,-1,-1,-1,-1,36151,36895,18.251324892044067,49.11869743174602,20
100,0.19,1,10525792.467552152,40,236,-1,-1,-1,-1,34664,35408,17.517107725143433,52.6116396183123,20
100,0.2,1,9814631.92767024,40,237,-1,-1,-1,-1,28519,29263,17.06940531730652,56.423837804731,20
100,0.23,1,9143627.649714544,40,238,-1,-1,-1,-1,27195,27939,15.918309688568115,60.564495976308535,20
74,0.04,1,8515425.097584592,40,239,-1,-1,-1,-1,6724,7468,17.181029319763184,65.032478549671,20
100,0.24,1,7932500.987492058,40,240,-1,-1,-1,-1,22691,23435,16.235071420669556,69.81142528355146,20
100,0.25,1,7397153.523397848,40,241,-1,-1,-1,-1,14387,15131,15.377439260482788,74.86382407075202,20
60,0.0,1,6911493.336242147,40,242,-1,-1,-1,-1,4872,5616,15.979173183441162,80.12439180055634,20
100,0.33,1,6477435.162688689,40,243,-1,-1,-1,-1,3141,3885,14.895672798156738,85.49359215355454,20
100,0.34,1,6096690.296191512,40,244,-1,-1,-1,-1,3683,4427,13.979421854019165,90.83275893904853,20
99,0.34,1,5770759.840144914,40,245,-1,-1,-1,-1,3474,4218,13.1508207321167,95.96296074350126,20
100,0.34,1,5500928.789717466,40,246,-1,-1,-1,-1,2795,3539,12.469370365142822,100.67012702203019,20
100,0.35,1,5288260.965701865,40,247,-1,-1,-1,-1,2890,3634,11.99285626411438,104.71858397148934,20
97,0.32,1,5133594.820354709,40,248,-1,-1,-1,-1,4109,4853,11.547644138336182,107.87356996003362,20
97,0.31,1,5037540.131761538,40,249,-1,-1,-1,-1,3270,4014,11.555087566375732,109.93047906624881,20
98,0.34,1,5000475.599759901,40,250,-1,-1,-1,-1,2686,3430,11.110270023345947,110.74530591181964,20
97,0.32,1,5022547.352898581,40,251,-1,-1,-1,-1,5237,5981,10.583150386810303,110.25863194309287,20
97,0.32,1,5103668.372319361,40,252,-1,-1,-1,-1,3882,4626,10.467528104782104,108.50610964527367,20
98,0.16,1,5243518.834832689,40,253,-1,-1,-1,-1,29516,30260,13.343503475189209,105.61213136515225,20
94,0.07,1,5441547.373834707,40,254,-1,-1,-1,-1,25317,26061,20.59706687927246,101.76869959137134,20
97,0.12,1,5696973.253094314,40,255,-1,-1,-1,-1,26560,27304,21.545376777648926,97.20586272705678,20
96,0.18,1,6008789.444840187,40,256,-1,-1,-1,-1,15880,16624,19.70525026321411,92.16152522627269,20
98,0.16,1,6375766.600011963,40,257,-1,-1,-1,-1,26482,27226,19.724700450897217,86.85688086495526,20
97,0.18,1,6796457.8950232435,40,258,-1,-1,-1,-1,18241,18985,19.5160710811615,81.48056069110778,20
97,0.24,1,7269204.735926982,40,259,-1,-1,-1,-1,8935,9679,18.118772506713867,76.18153843748921,20
99,0.27,1,7792143.2974953875,40,260,-1,-1,-1,-1,9138,9882,17.059733867645264,71.06891889141721,20
98,0.26,1,8363211.871432645,40,261,-1,-1,-1,-1,7214,7958,16.36773705482483,66.21609119955679,20
72,0.03,1,8980158.994751005,40,262,-1,-1,-1,-1,6213,6957,18.133022785186768,61.666970520643304,20
69,0.03,1,9640552.326262232,40,263,-1,-1,-1,-1,6222,6966,18.028616905212402,57.44268391048788,20
73,0.03,1,10341788.236190181,40,264,-1,-1,-1,-1,5479,6223,17.77456283569336,53.54772185936841,20
74,0.02,1,11081102.07109561,40,265,-1,-1,-1,-1,5995,6739,17.43875026702881,49.97510143368319,20
74,0.02,1,11855579.053644128,40,266,-1,-1,-1,-1,7630,8374,17.396516799926758,46.71043038001431,20
75,0.01,1,12662165.774243947,40,267,-1,-1,-1,-1,9557,10301,18.692708015441895,43.73495102444794,20
75,0.01,1,13497682.22924786,40,268,-1,-1,-1,-1,9203,9947,18.052207231521606,41.027725397181655,20
77,0.03,1,14358834.35825741,40,269,-1,-1,-1,-1,11174,11918,18.739501237869263,38.56714174584341,20
76,0.02,1,15242227.031101085,40,270,-1,-1,-1,-1,4155,4899,17.696776390075684,36.331908642355096,20
75,0.01,1,16144377.433284214,40,271,-1,-1,-1,-1,6569,7313,17.672154903411865,34.301675756062025,20
75,0.01,1,17061728.797138944,40,272,-1,-1,-1,-1,6411,7155,17.37758755683899,32.457390841475714,20
77,0.02,1,17990664.424536616,40,273,-1,-1,-1,-1,6275,7019,17.201751470565796,30.78147571052055,20
79,0.01,1,18927521.945879888,40,274,-1,-1,-1,-1,5556,6300,16.76877498626709,29.25788180742518,20
79,0.0,1,19868607.759155817,40,275,-1,-1,-1,-1,11879,12623,18.649213314056396,27.87206867802845,20
88,0.0,1,20810211.592124403,40,276,-1,-1,-1,-1,14427,15171,20.059490203857422,26.610935575954308,20
88,0.0,1,21748621.130230255,40,277,-1,-1,-1,-1,16699,17443,21.261651515960693,25.462726886637206,20
87,0.0,1,22680136.65256593,40,278,-1,-1,-1,-1,10733,11477,20.351808071136475,24.416925192439166,20
88,0.0,1,23601085.618184738,40,279,-1,-1,-1,-1,16133,16877,21.710805892944336,23.464140970418356,20
88,0.0,1,24507837.145254876,40,280,-1,-1,-1,-1,16072,16816,21.878042221069336,22.596004564491764,20
86,0.0,1,25396816.325970963,40,281,-1,-1,-1,-1,14596,15340,21.201088428497314,21.80506378800328,20
88,0.0,1,26264518.320785142,40,282,-1,-1,-1,-1,8974,9718,20.665531158447266,21.084688979875626,20
88,0.0,1,27107522.17639184,40,283,-1,-1,-1,-1,20767,21511,22.80522584915161,20.428986330675798,20
88,0.0,1,27922504.312986013,40,284,-1,-1,-1,-1,11650,12394,21.941444873809814,19.83271965124031,20
87,0.0,1,28706251.627623394,40,285,-1,-1,-1,-1,9468,10212,21.65168046951294,19.29124036058788,20
87,0.0,1,29455674.16201999,40,286,-1,-1,-1,-1,12801,13545,21.581900119781494,18.800425240785707,20
87,0.0,1,30167817.284848735,40,287,-1,-1,-1,-1,12770,13514,21.410868167877197,18.35662138798905,20
87,0.0,1,30839873.34050338,40,288,-1,-1,-1,-1,8682,9426,20.877485275268555,17.956597742335635,20
87,0.0,1,31469192.718404517,40,289,-1,-1,-1,-1,11940,12684,20.803513526916504,17.59750257832723,20
87,0.0,1,32053294.299205765,40,290,-1,-1,-1,-1,7563,8307,19.641965627670288,17.27682636395105,20
87,0.0,1,32589875.236716077,40,291,-1,-1,-1,-1,11983,12727,20.436508655548096,16.99236943920874,20
87,0.0,1,33076820.036972065,40,292,-1,-1,-1,-1,13903,14647,20.906012058258057,16.742214015162457,20
87,0.0,1,33512208.898666255,40,293,-1,-1,-1,-1,16804,17548,21.724939346313477,16.52470004810813,20
87,0.0,1,33894325.282048106,40,294,-1,-1,-1,-1,5878,6622,20.09810447692871,16.33840459698737,20
87,0.0,1,34221662.67645762,40,295,-1,-1,-1,-1,13106,13850,20.87071180343628,16.182124323870614,20
87,0.0,1,34492930.53980976,40,296,-1,-1,-1,-1,13783,14527,20.40022611618042,16.054860846365596,20
87,0.0,1,34707059.386613704,40,297,-1,-1,-1,-1,11396,12140,20.235352516174316,15.955808696762976,20
87,0.0,1,34863205.00446615,40,298,-1,-1,-1,-1,15976,16720,20.516059398651123,15.884345685632116,20
87,0.0,1,34960751.78239612,40,299,-1,-1,-1,-1,15244,15988,20.927739143371582,15.840025507656442,20
87,0.0,1,34999315.137938164,40,300,-1,-1,-1,-1,8741,9485,20.491535663604736,15.822572465131486,20
87,0.0,1,34978743.03336573,40,301,-1,-1,-1,-1,16329,17073,21.366465091705322,15.831878220202421,20
87,0.0,1,34899116.57510655,40,302,-1,-1,-1,-1,12688,13432,20.88325262069702,15.868000521108014,20
87,0.0,1,34760749.69397702,40,303,-1,-1,-1,-1,8708,9452,20.410966873168945,15.931163880966382,20
87,0.0,1,34564187.90749609,40,304,-1,-1,-1,-1,8419,9163,19.562201499938965,16.021762220540975,20
87,0.0,1,34310206.16915849,40,305,-1,-1,-1,-1,13404,14148,20.380549430847168,16.14036351952304,20
87,0.0,1,33999805.8131464,40,306,-1,-1,-1,-1,11979,12723,20.469789505004883,16.287716554718532,20
87,0.0,1,33634210.60652547,40,307,-1,-1,-1,-1,11155,11899,20.132744312286377,16.464759838679242,20
87,0.0,1,33214861.924489133,40,308,-1,-1,-1,-1,14962,15706,20.65563440322876,16.6726329092972,20
87,0.0,1,32743413.067673676,40,309,-1,-1,-1,-1,11562,12306,20.514442920684814,16.912690160169195,20
87,0.0,1,32221722.74394752,40,310,-1,-1,-1,-1,17330,18074,21.3301420211792,17.186517443547338,20
87,0.0,1,31651847.740373764,40,311,-1,-1,-1,-1,13422,14166,19.33930516242981,17.495951722705357,20
86,0.0,1,31036034.81423655,40,312,-1,-1,-1,-1,15861,16605,20.244052410125732,17.84310409865811,20
86,0.0,1,30376711.83510178,40,313,-1,-1,-1,-1,12623,13367,19.784294366836548,18.230386587138142,20
86,0.0,1,29676478.21283424,40,314,-1,-1,-1,-1,13658,14402,20.12965440750122,18.660543074835147,20
86,0.0,1,28938094.649309956,40,315,-1,-1,-1,-1,14942,15686,20.72197675704956,19.136684937658988,20
86,0.0,1,28164472.25422746,40,316,-1,-1,-1,-1,10815,11559,20.251522064208984,19.662331855583705,20
86,0.0,1,27358661.06792988,40,317,-1,-1,-1,-1,11083,11827,19.94537353515625,20.241458404159477,20
86,0.0,1,26523838.036486164,40,318,-1,-1,-1,-1,9357,10101,19.74744200706482,20.878547035245123,20
86,0.0,1,25663294.486442007,40,319,-1,-1,-1,-1,17624,18368,21.395909786224365,21.578648068452907,20
86,0.0,1,24780423.14861951,40,320,-1,-1,-1,-1,9243,9987,20.33855438232422,22.34744728444439,20
87,0.02,1,23878704.782127082,40,321,-1,-1,-1,-1,14993,15737,21.20872974395752,23.19134161809718,20
87,0.01,1,22961694.45131285,40,322,-1,-1,-1,-1,13634,14378,21.04255437850952,24.117523259192104,20
87,0.02,1,22033007.5097677,40,323,-1,-1,-1,-1,16701,17445,21.414525508880615,25.13407213039336,20
86,0.02,1,21096305.34663405,40,324,-1,-1,-1,-1,8963,9707,20.749030113220215,26.250056154423095,20
87,0.04,1,20155280.951418266,40,325,-1,-1,-1,-1,14728,15472,20.89731216430664,27.47563784076313,20
87,0.03,1,19213644.35421695,40,326,-1,-1,-1,-1,17517,18261,21.240155696868896,28.82218437016392,20
88,0.05,1,18275107.99875991,40,327,-1,-1,-1,-1,15361,16105,21.19518756866455,30.302376327274107,20
87,0.04,1,17343372.10593764,40,328,-1,-1,-1,-1,16479,17223,20.898709297180176,31.93030724459918,20
79,0.0,1,16422110.085517012,40,329,-1,-1,-1,-1,6117,6861,19.649436473846436,33.72156179176932,20
78,0.0,1,15514954.05356232,40,330,-1,-1,-1,-1,6980,7724,19.38024878501892,35.6932542686357,20
78,0.0,1,14625480.512657259,40,331,-1,-1,-1,-1,5469,6213,18.461036682128906,37.86400040126856,20
78,0.0,1,13757196.25138633,40,332,-1,-1,-1,-1,7930,8674,18.61557364463806,40.25378353850226,20
78,0.0,1,12913524.518666402,40,333,-1,-1,-1,-1,8599,9343,18.968024253845215,42.88366039802041,20
79,0.01,1,12097791.527437374,40,334,-1,-1,-1,-1,8589,9333,18.822156190872192,45.775230854660364,20
78,0.01,1,11313213.340920964,40,335,-1,-1,-1,-1,8181,8925,18.50823402404785,48.949770795617205,20
77,0.0,1,10562883.19315012,40,336,-1,-1,-1,-1,6166,6910,18.00998568534851,52.42689802336524,20
79,0.02,1,9849759.293757576,40,337,-1,-1,-1,-1,9718,10462,18.60090732574463,56.22261250089282,20
79,0.03,1,9176653.165104363,40,338,-1,-1,-1,-1,9137,9881,18.43013048171997,60.34653266681481,20
85,0.11,1,8546218.557728898,40,339,-1,-1,-1,-1,16132,16876,19.031726121902466,64.79815561224814,20
67,0.02,1,7960940.987818845,40,340,-1,-1,-1,-1,5643,6387,18.28412413597107,69.56202801243545,20
84,0.17,1,7423127.937954081,40,341,-1,-1,-1,-1,9798,10542,17.092467546463013,74.60186657548427,20
69,0.09,1,6934899.759755209,40,342,-1,-1,-1,-1,4993,5737,16.451085805892944,79.8539588436023,20
97,0.29,1,6498181.314303648,40,343,-1,-1,-1,-1,5636,6380,15.096297264099121,85.2206445488115,20
83,0.2,1,6114694.383292491,40,344,-1,-1,-1,-1,4162,4906,14.537209272384644,90.56531124648204,20
72,0.13,1,5785950.880826103,40,345,-1,-1,-1,-1,5723,6467,14.46789026260376,95.71100954817177,20
87,0.25,1,5513246.892632347,40,346,-1,-1,-1,-1,3066,3810,13.955835103988647,100.44520239789105,20
81,0.22,1,5297657.566187516,40,347,-1,-1,-1,-1,3546,4290,13.620707988739014,104.53284174774055,20
100,0.35,1,5140032.871900143,40,348,-1,-1,-1,-1,1763,2507,13.106720447540283,107.73845494791195,20
81,0.22,1,5040994.252065169,40,349,-1,-1,-1,-1,3377,4121,13.005865812301636,109.85515402504784,20
81,0.22,1,5000932.170800401,40,350,-1,-1,-1,-1,3204,3948,12.770639657974243,110.73519517689587,20
97,0.34,1,5020004.574624527,40,351,-1,-1,-1,-1,1684,2428,12.409846782684326,110.31448114594996,20
94,0.23,1,5098136.26974602,40,352,-1,-1,-1,-1,5861,6605,12.501094341278076,108.62385207047205,20
94,0.15,1,5235019.218517937,40,353,-1,-1,-1,-1,19180,19924,14.12748098373413,105.78360401067984,20
94,0.18,1,5430113.753889982,40,354,-1,-1,-1,-1,14888,15632,14.442296028137207,101.98298324842422,20
95,0.21,1,5682650.707069486,40,355,-1,-1,-1,-1,9454,10198,14.206557273864746,97.45086026685969,20
94,0.21,1,5991634.4400033355,40,356,-1,-1,-1,-1,8070,8814,13.91304612159729,92.42539836921222,20
94,0.22,1,6355846.770724757,40,357,-1,-1,-1,-1,5969,6713,13.667742013931274,87.12909860425295,20
95,0.23,1,6773851.776089385,40,358,-1,-1,-1,-1,7964,8708,13.312971591949463,81.75248267975867,20
93,0.06,1,7244001.45296536,40,359,-1,-1,-1,-1,24419,25163,19.928743839263916,76.44658875286507,20
93,0.15,1,7764442.215558348,40,360,-1,-1,-1,-1,17983,18727,19.778461456298828,71.32247038819352,20
94,0.11,1,8333122.203255031,40,361,-1,-1,-1,-1,23356,24100,21.11719846725464,66.45518768267748,20
93,0.19,1,8947799.370173948,40,362,-1,-1,-1,-1,13464,14208,19.86328125,61.8899884865472,20
72,0.06,1,9606050.324529909,40,363,-1,-1,-1,-1,5382,6126,19.646812677383423,57.64900050397147,20
94,0.14,1,10305279.882963004,40,364,-1,-1,-1,-1,21128,21872,20.156242847442627,53.737424532789674,20
79,0.02,1,11042731.30216306,40,365,-1,-1,-1,-1,8041,8785,20.512681007385254,50.148752590903406,20
77,0.01,1,11815497.147451581,40,366,-1,-1,-1,-1,7317,8061,20.46630620956421,46.86888694475641,20
77,0.02,1,12620530.755470697,40,367,-1,-1,-1,-1,4840,5584,19.528861045837402,43.87923223909977,20
92,0.04,1,13454658.245788045,40,368,-1,-1,-1,-1,20851,21595,23.360378742218018,41.15891982417015,20
92,0.02,1,14314591.034059443,40,369,-1,-1,-1,-1,14938,15682,23.650143146514893,38.68634449160054,20
92,0.03,1,15196938.797417901,40,370,-1,-1,-1,-1,23225,23969,25.767271518707275,36.44018097211078,20
92,0.04,1,16098222.840970533,40,371,-1,-1,-1,-1,24724,25468,24.90602970123291,34.40002076444195,20
93,0.06,1,17014889.81270637,40,372,-1,-1,-1,-1,22621,23365,25.107147693634033,32.54674030192362,20
78,0.0,1,17943325.712742858,40,373,-1,-1,-1,-1,7612,8356,23.276684284210205,30.862684480320237,20
79,0.01,1,18879870.14167977,40,374,-1,-1,-1,-1,7051,7795,22.590408325195312,29.331727169958672,20
79,0.01,1,19820830.731884755,40,375,-1,-1,-1,-1,4843,5587,22.116844654083252,27.93925277355624,20
79,0.01,1,20762497.70481528,40,376,-1,-1,-1,-1,5346,6090,21.398768424987793,26.672089643220836,20
79,0.01,1,21701158.496983826,40,377,-1,-1,-1,-1,8216,8960,21.652302742004395,25.518416451221622,20
87,0.02,1,22633112.39690285,40,378,-1,-1,-1,-1,16052,16796,24.224648475646973,24.467655631656736,20
87,0.02,1,23554685.13530275,40,379,-1,-1,-1,-1,7988,8732,22.983312606811523,23.510363089932355,20
92,0.03,1,24462243.37109997,40,380,-1,-1,-1,-1,20415,21159,25.293409824371338,22.638119963038317,20
91,0.02,1,25352209.016004466,40,381,-1,-1,-1,-1,7863,8607,24.539716243743896,21.843429882201097,20
92,0.03,1,26221073.341290057,40,382,-1,-1,-1,-1,16772,17516,24.887466430664062,21.11962362455886,20
87,0.01,1,27065410.81111197,40,383,-1,-1,-1,-1,10057,10801,23.390939235687256,20.46077201136147,20
92,0.03,1,27881892.587832477,40,384,-1,-1,-1,-1,16944,17688,24.66705322265625,19.861607251211726,20
92,0.03,1,28667299.656110097,40,385,-1,-1,-1,-1,16835,17579,24.26265001296997,19.3174525205749,20
87,0.01,1,29418535.51400907,40,386,-1,-1,-1,-1,9847,10591,22.012441158294678,18.824159337785222,20
92,0.03,1,30132638.381094605,40,387,-1,-1,-1,-1,20245,20989,24.78792667388916,18.378052163777475,20
92,0.03,1,30806792.875382416,40,388,-1,-1,-1,-1,18764,19508,24.079227447509766,17.97587961330836,20
87,0.01,1,31438341.11310655,40,389,-1,-1,-1,-1,8151,8895,23.046815395355225,17.614771657564688,20
86,0.01,1,32024793.187542554,40,390,-1,-1,-1,-1,7580,8324,22.833380699157715,17.292202224600675,20
86,0.01,1,32563836.98557478,40,391,-1,-1,-1,-1,8546,9290,22.466106414794922,17.005956645874214,20
87,0.02,1,33053347.30330389,40,392,-1,-1,-1,-1,11024,11768,22.643795013427734,16.754103447327594,20
86,0.01,1,33491394.224756844,40,393,-1,-1,-1,-1,6596,7340,22.310585975646973,16.534970036889245,20
86,0.01,1,33876250.73066547,40,394,-1,-1,-1,-1,12095,12839,22.692387104034424,16.347121893825985,20
87,0.02,1,34206399.5073161,40,395,-1,-1,-1,-1,11555,12299,22.58021354675293,16.189344917215188,20
86,0.01,1,34480538.928625524,40,396,-1,-1,-1,-1,8766,9510,22.500040531158447,16.060630639976917,20
86,0.01,1,34697588.18785924,40,397,-1,-1,-1,-1,7434,8178,21.757893562316895,15.960164061021642,20
86,0.01,1,34856691.55875941,40,398,-1,-1,-1,-1,10590,11334,21.74649715423584,15.88731389112104,20
86,0.01,1,34957221.76928349,40,399,-1,-1,-1,-1,4349,5093,21.085069179534912,15.841625048321186,20
86,0.01,1,34998782.47465171,40,400,-1,-1,-1,-1,9728,10472,21.22857093811035,15.822813276464153,20
86,0.01,1,34981209.8199539,40,401,-1,-1,-1,-1,17289,18033,22.711589336395264,15.830761796126172,20
86,0.01,1,34904573.08615466,40,402,-1,-1,-1,-1,5531,6275,21.653664112091064,15.865519931531935,20
86,0.01,1,34769174.416950084,40,403,-1,-1,-1,-1,12332,13076,21.52249574661255,15.927303690306516,20
86,0.01,1,34575547.62755299,40,404,-1,-1,-1,-1,7735,8479,21.11482858657837,16.016498305834425,20
86,0.01,1,34324456.10010291,40,405,-1,-1,-1,-1,15042,15786,22.464659214019775,16.133662785070022,20
86,0.01,1,34016889.773998424,40,406,-1,-1,-1,-1,15144,15888,22.865958213806152,16.279536538443136,20
86,0.01,1,33654061.24301742,40,407,-1,-1,-1,-1,15783,16527,23.141460418701172,16.455048203577473,20
86,0.01,1,33237400.974612996,40,408,-1,-1,-1,-1,10386,11130,23.04926872253418,16.661326811412877,20
86,0.01,1,32768551.67023228,40,409,-1,-1,-1,-1,12204,12948,22.829601764678955,16.899715482483955,20
86,0.01,1,32249361.788893856,40,410,-1,-1,-1,-1,17387,18131,23.70957374572754,17.17178788296866,20
86,0.01,1,31681878.25955652,40,411,-1,-1,-1,-1,8134,8878,23.40414524078369,17.4793677149794,20
87,0.02,1,31068338.411012184,40,412,-1,-1,-1,-1,11705,12449,23.12087059020996,17.82455156352078,20
87,0.02,1,30411161.15111818,40,413,-1,-1,-1,-1,13387,14131,22.910969257354736,18.20973547337367,20
87,0.02,1,29712937.430146724,40,414,-1,-1,-1,-1,11579,12323,23.019676208496094,18.637645682184758,20
87,0.02,1,28976420.025849458,40,415,-1,-1,-1,-1,21579,22323,25.221974849700928,19.111373989815903,20
87,0.02,1,28204512.69051028,40,416,-1,-1,-1,-1,16954,17698,24.025931358337402,19.63441829598868,20
86,0.02,1,27400258.702773497,40,417,-1,-1,-1,-1,8790,9534,23.341341018676758,20.210728884247565,20
87,0.03,1,26566828.869384408,40,418,-1,-1,-1,-1,14065,14809,22.53715991973877,20.844761063604945,20
86,0.04,1,25707509.024143875,40,419,-1,-1,-1,-1,15428,16172,23.18337917327881,21.541534789695255,20
87,0.03,1,24825687.073364142,40,420,-1,-1,-1,-1,12730,13474,23.332092761993408,22.306701859388138,20
86,0.05,1,23924839.638898816,40,421,-1,-1,-1,-1,9029,9773,22.607953548431396,23.146621183601326,20
86,0.05,1,23008518.351408377,40,422,-1,-1,-1,-1,9731,10475,22.24787950515747,24.068442458664556,20
86,0.05,1,22080335.847899865,40,423,-1,-1,-1,-1,10078,10822,22.407023906707764,25.080198227721784,20
79,0.01,1,21143951.528746706,40,424,-1,-1,-1,-1,5100,5844,21.58902406692505,26.190903779130302,20
79,0.01,1,20203057.130341325,40,425,-1,-1,-1,-1,4720,5464,20.92229127883911,27.41066346678415,20
79,0.01,1,19261362.170262173,40,426,-1,-1,-1,-1,5033,5777,20.807323455810547,28.75078071347341,20
79,0.01,1,18322579.32233733,40,427,-1,-1,-1,-1,4620,5364,20.269174575805664,30.223866970786123,20
94,0.12,1,17390409.77926448,40,428,-1,-1,-1,-1,24503,25247,22.029199600219727,31.843941978888886,20
97,0.04,1,16468528.660496015,40,429,-1,-1,-1,-1,35425,36169,31.153457164764404,33.62651341940347,20
95,0.04,1,15560570.5229185,40,430,-1,-1,-1,-1,23606,24350,29.90901231765747,35.588617987005186,20
77,0.0,1,14670115.031452455,40,431,-1,-1,-1,-1,6217,6961,21.495304107666016,37.748797389298424,20
94,0.12,1,13800672.846065493,40,432,-1,-1,-1,-1,21949,22693,23.116443157196045,40.12697106705778,20
77,0.01,1,12955671.780841567,40,433,-1,-1,-1,-1,6402,7146,22.58192539215088,42.744151701875545,20
78,0.02,1,12138443.28967233,40,434,-1,-1,-1,-1,9808,10552,23.38575839996338,45.62192917037131,20
78,0.02,1,11352209.331853805,40,435,-1,-1,-1,-1,4619,5363,22.994346618652344,48.781623366133644,20
94,0.12,1,10600069.669370122,40,436,-1,-1,-1,-1,23059,23803,24.48960781097412,52.24297738345966,20
94,0.13,1,9884989.64594568,40,437,-1,-1,-1,-1,20386,21130,24.47753667831421,56.022233693196846,20
79,0.04,1,9209788.496046348,40,438,-1,-1,-1,-1,4614,5358,23.547635078430176,60.12941559273927,20
93,0.22,1,8577128.229924096,40,439,-1,-1,-1,-1,5889,6633,21.692378520965576,64.56464041985072,20
92,0.2,1,7989503.1385241,40,440,-1,-1,-1,-1,6703,7447,20.98893165588379,69.31334657467818,20
93,0.22,1,7449229.959633224,40,441,-1,-1,-1,-1,5182,5926,20.31972885131836,74.34046243717604,20
94,0.23,1,6958438.744038818,40,442,-1,-1,-1,-1,5505,6249,19.46232557296753,79.58382912753434,20
94,0.24,1,6519064.457710188,40,443,-1,-1,-1,-1,5814,6558,18.81072759628296,84.94764909787595,20
92,0.25,1,6132839.353109881,40,444,-1,-1,-1,-1,2957,3701,18.390663862228394,90.29735952877779,20
96,0.29,1,5801286.139712224,40,445,-1,-1,-1,-1,3251,3995,17.68805980682373,95.4580047705543,20
95,0.27,1,5525711.98065407,40,446,-1,-1,-1,-1,6180,6924,17.021842002868652,100.21861471224383,20
95,0.27,1,5307203.339186689,40,447,-1,-1,-1,-1,3183,3927,16.718820333480835,104.34482430908042,20
96,0.29,1,5146621.69524654,40,448,-1,-1,-1,-1,5297,6041,15.925534963607788,107.6005257024185,20
95,0.32,1,5044600.14903276,40,449,-1,-1,-1,-1,2366,3110,15.627086162567139,109.77662919551321,20
81,0.23,1,5001540.924981678,40,450,-1,-1,-1,-1,2762,3506,15.346356630325317,110.72171722798183,20
