pruning_thresh,quality,technique,bandwidth,drop,frame_id,sparsity,decomposability,regularity,pictoriality,compression_ratio,datasize_est,datasize_real,reconstruct_snr,target_cmp,target_snr,consumed_bw
0.2,80,1,6000000.0,0.3,1,0.9464797522189349,-1,-1,-1,18.342890455244053,18869,19613,2.3225373029708862,-1,-1,-1
0.15,1,3,6000000.0,0.3,2,0.881067400147929,-1,-1,-1,16.816247206296765,20582,237669,5.896003842353821,-1,-1,-1
0.05,100,1,6000000.0,0.3,3,0.5295280140532544,-1,-1,-1,5.19484885780326,66626,67370,19.318177700042725,-1,-1,-1
0.05,60,1,6000000.0,0.3,4,0.5817192122781065,-1,-1,-1,110.19165870741801,3141,3885,15.469787120819092,-1,-1,-1
0.15,3,2,6000000.0,0.3,5,0.903383875739645,-1,-1,-1,4.333333333333333,79872,197124,15.483765602111816,-1,-1,-1
0.1,80,1,6000000.0,0.3,6,0.7657290125739645,-1,-1,-1,56.69320229320229,6105,6849,15.22469162940979,-1,-1,-1
0.1,70,1,8880000.000000002,0.3,7,0.7573039940828402,-1,-1,-1,94.56612021857923,3660,4404,14.022120237350464,-1,-1,-1
0.1,2,2,8880000.000000002,0.3,8,0.7575813609467456,-1,-1,-1,6.5,53248,169979,14.632570743560791,-1,-1,-1
0.15,2,2,8880000.000000002,0.3,9,0.9127912352071006,-1,-1,-1,6.5,53248,169979,14.268356561660767,-1,-1,-1
0.15,4,2,8880000.000000002,0.2,10,0.9157613720414202,-1,-1,-1,3.25,106496,220764,14.642970561981201,-1,-1,-1
0.1,3,3,8880000.000000002,0.2,11,0.7536404400887574,-1,-1,-1,8.118215508748886,42634,257609,14.21907901763916,-1,-1,-1
0.15,90,1,8880000.000000002,0.2,12,0.9194942677514792,-1,-1,-1,51.550789395293414,6714,7458,14.500218629837036,-1,-1,-1
0,90,1,6000000.0,0.2,13,0.0,-1,-1,-1,30.128133704735376,11488,12232,17.63163924217224,-1,-1,-1
0.2,2,3,6000000.0,0.2,14,0.9697323409763313,-1,-1,-1,66.07712867506682,5238,252593,14.753960371017456,-1,-1,-1
0.25,1,2,8880000.000000002,0.2,15,0.9914594119822485,-1,-1,-1,13.0,26624,103914,13.168907165527344,-1,-1,-1
0.25,5,3,8880000.000000002,0.2,16,0.990442400147929,-1,-1,-1,209.25755743651754,1654,201077,12.451422214508057,-1,-1,-1
0.15,60,1,6000000.0,0.2,17,0.9135771079881657,-1,-1,-1,138.1684630738523,2505,3249,11.392209529876709,-1,-1,-1
0.25,1,2,6000000.0,0.2,18,0.993435650887574,-1,-1,-1,13.0,26624,117258,10.785820484161377,-1,-1,-1
0.2,60,1,6000000.0,0.2,19,0.9763775887573964,-1,-1,-1,135.41158059467918,2556,3300,9.955228567123413,-1,-1,-1
0.15,4,3,6000000.0,0.4,20,0.9222679363905325,-1,-1,-1,25.729408266428784,13452,258633,10.409307479858398,-1,-1,-1
0.15,100,1,6000000.0,0.4,21,0.9369683801775148,-1,-1,-1,9.216136333377714,37555,38299,12.216541767120361,-1,-1,-1
0,100,1,6000000.0,0.4,22,0.0,-1,-1,-1,7.842831569644921,44131,44875,31.346988677978516,-1,-1,-1
0.2,4,2,6000000.0,0.4,23,0.9566036427514792,-1,-1,-1,3.25,106496,206780,17.22698211669922,-1,-1,-1
0.25,70,1,6000000.0,0.4,24,0.9833002034023669,-1,-1,-1,140.81041497152157,2458,3202,13.06292176246643,-1,-1,-1
0.15,3,3,6000000.0,0.4,25,0.9036843565088757,-1,-1,-1,20.765058795296376,16668,257609,11.866320371627808,-1,-1,-1
0,90,1,6000000.0,0.4,26,6.934171597633136e-05,-1,-1,-1,30.049661399548533,11518,12262,16.141695976257324,-1,-1,-1
0.1,100,1,6000000.0,0.4,27,0.7932345599112426,-1,-1,-1,8.590305527288972,40291,41035,18.945674896240234,-1,-1,-1
0.1,3,2,6000000.0,0.4,28,0.7671158468934911,-1,-1,-1,4.333333333333333,79872,197124,16.644827127456665,-1,-1,-1
0.1,1,2,6000000.0,0.4,29,0.7826599482248521,-1,-1,-1,13.0,26624,142843,13.87117862701416,-1,-1,-1
0.25,2,2,6000000.0,0.4,30,0.9854613535502958,-1,-1,-1,6.5,53248,131583,12.299987077713013,-1,-1,-1
0.05,4,2,6000000.0,0.4,31,0.5144461908284024,-1,-1,-1,3.25,106496,224260,16.381772756576538,-1,-1,-1
0.25,3,2,6000000.0,0.4,32,0.9834388868343196,-1,-1,-1,4.333333333333333,79872,147963,13.242090940475464,-1,-1,-1
0.1,1,3,6000000.0,0.4,33,0.7868551220414202,-1,-1,-1,9.383289052757144,36886,255561,11.942692995071411,-1,-1,-1
0,60,1,6000000.0,0.4,34,1.1556952662721893e-05,-1,-1,-1,107.45482769326296,3221,3965,11.31645917892456,-1,-1,-1
0.15,80,1,6000000.0,0.4,35,0.9136695636094675,-1,-1,-1,62.497652582159624,5538,6282,10.986758470535278,-1,-1,-1
0.15,90,1,6000000.0,0.4,36,0.9143745377218935,-1,-1,-1,32.919155411831845,10514,11258,11.351666450500488,-1,-1,-1
0.1,100,1,6000000.0,0.4,37,0.7504044933431953,-1,-1,-1,7.0581805575381855,49037,49781,15.582892894744873,-1,-1,-1
0.05,4,3,6000000.0,0.4,38,0.4511140902366864,-1,-1,-1,3.6437444729860613,94988,258633,13.149499893188477,-1,-1,-1
0.2,3,3,6000000.0,0.4,39,0.9729567307692307,-1,-1,-1,73.95555555555555,4680,253601,11.790571212768555,-1,-1,-1
0.05,5,2,6000000.0,0.4,40,0.5516595784023669,-1,-1,-1,2.6,133120,251396,16.53244972229004,-1,-1,-1
0.2,80,1,6000000.0,0.4,41,0.9592386279585798,-1,-1,-1,73.6251861306105,4701,5445,12.39396333694458,-1,-1,-1
0.2,90,1,6000000.0,0.4,42,0.9618389423076923,-1,-1,-1,63.65863527680706,5437,6181,11.125818490982056,-1,-1,-1
0.2,1,2,6000000.0,0.4,43,0.964138775887574,-1,-1,-1,13.0,26624,136171,10.200365781784058,-1,-1,-1
0,2,3,6000000.0,0.4,44,0.0,-1,-1,-1,2.0,173056,256585,10.236992835998535,-1,-1,-1
0,1,3,6000000.0,0.4,45,0.0,-1,-1,-1,2.0,173056,255561,10.334810018539429,-1,-1,-1
0.05,1,2,8880000.000000002,0.4,46,0.4873451368343195,-1,-1,-1,13.0,26624,142843,11.075385808944702,-1,-1,-1
0.15,3,2,8880000.000000002,0.4,47,0.9132650702662722,-1,-1,-1,4.333333333333333,79872,183291,12.571874856948853,-1,-1,-1
0.2,2,3,8880000.000000002,0.4,48,0.9701830621301775,-1,-1,-1,67.07596899224806,5160,232633,11.618818044662476,-1,-1,-1
0.15,3,3,8880000.000000002,0.4,49,0.9318139792899408,-1,-1,-1,29.331525423728813,11800,253601,11.868200302124023,-1,-1,-1
0.05,2,3,8880000.000000002,0.2,50,0.5393629807692307,-1,-1,-1,4.341813437703848,79716,256585,11.860756874084473,-1,-1,-1
0.1,3,3,8880000.000000002,0.2,51,0.7746047522189349,-1,-1,-1,8.873301543352305,39006,257609,12.206299304962158,-1,-1,-1
0.25,3,3,8880000.000000002,0.2,52,0.9827801405325444,-1,-1,-1,116.14496644295302,2980,219533,11.701691150665283,-1,-1,-1
0.25,90,1,8880000.000000002,0.2,53,0.9872180103550295,-1,-1,-1,60.562029746281716,5715,6459,11.50359034538269,-1,-1,-1
0.2,90,1,8880000.000000002,0.2,54,0.962474574704142,-1,-1,-1,38.33761630482942,9028,9772,11.066135168075562,-1,-1,-1
0.2,100,1,8880000.000000002,0.2,55,0.9630061945266272,-1,-1,-1,10.360773513740046,33406,34150,10.116329193115234,-1,-1,-1
0,3,2,8880000.000000002,0.2,56,0.0,-1,-1,-1,4.333333333333333,79872,197124,12.478820085525513,-1,-1,-1
0,60,1,8880000.000000002,0.2,57,0.0,-1,-1,-1,70.72170004086637,4894,5638,11.90076470375061,-1,-1,-1
0.2,2,2,8880000.000000002,0.2,58,0.965051775147929,-1,-1,-1,6.5,53248,158063,9.37589406967163,-1,-1,-1
0.2,1,3,8880000.000000002,0.2,59,0.9459481323964497,-1,-1,-1,37.00149668590977,9354,207849,2.4454304575920105,-1,-1,-1
0,2,2,8880000.000000002,0.2,60,0.0,-1,-1,-1,6.5,53248,169979,nan,-1,-1,-1
0.1,5,2,8880000.000000002,0.2,61,0.7925758136094675,-1,-1,-1,2.6,133120,206316,6.612974405288696,-1,-1,-1
0.05,3,3,8880000.000000002,0.2,62,0.6003027921597633,-1,-1,-1,5.0037877692641315,69170,227549,11.698657274246216,-1,-1,-1
0.1,1,3,8880000.000000002,0.2,63,0.8063285872781065,-1,-1,-1,10.326769304212913,33516,225741,14.25042986869812,-1,-1,-1
0.25,2,3,8880000.000000002,0.2,64,0.9902574889053254,-1,-1,-1,205.2858837485172,1686,204689,13.754323720932007,-1,-1,-1
0.15,4,3,8880000.000000002,0.2,65,0.9230884800295858,-1,-1,-1,26.00390683696469,13310,230465,13.87186050415039,-1,-1,-1
0.15,80,1,8880000.000000002,0.2,66,0.9260239460059172,-1,-1,-1,58.51428571428571,5915,6659,13.917008638381958,-1,-1,-1
0.15,2,2,8880000.000000002,0.2,67,0.9195751664201184,-1,-1,-1,6.5,53248,159387,14.077328443527222,-1,-1,-1
0.25,70,1,8880000.000000002,0.2,68,0.9941984097633136,-1,-1,-1,150.28745115067304,2303,3047,12.604414224624634,-1,-1,-1
0.05,2,3,8880000.000000002,0.2,69,0.4373382026627219,-1,-1,-1,3.5545331306741157,97372,256585,13.951096534729004,-1,-1,-1
0.05,2,2,8880000.000000002,0.2,70,0.46694711538461536,-1,-1,-1,6.5,53248,169979,16.039905548095703,-1,-1,-1
0.05,5,2,8880000.000000002,0.2,71,0.4859929733727811,-1,-1,-1,2.6,133120,251396,20.046961307525635,-1,-1,-1
0.25,4,3,8880000.000000002,0.2,72,0.9870677699704142,-1,-1,-1,154.65236818588025,2238,200285,15.545202493667603,-1,-1,-1
0,5,3,8880000.000000002,0.2,73,0.00015024038461538462,-1,-1,-1,2.000300525920361,173030,259657,14.304336309432983,-1,-1,-1
0.05,1,3,8880000.000000002,0.2,74,0.48287259615384615,-1,-1,-1,3.8675188843695527,89492,255561,13.680602312088013,-1,-1,-1
0.1,4,2,8880000.000000002,0.2,75,0.7941360022189349,-1,-1,-1,3.25,106496,196283,16.626286506652832,-1,-1,-1
0,5,2,8880000.000000002,0.2,76,0.0,-1,-1,-1,2.6,133120,251396,20.450549125671387,-1,-1,-1
0.25,5,2,8880000.000000002,0.2,77,0.9812430658284024,-1,-1,-1,2.6,133120,147507,15.839903354644775,-1,-1,-1
0.15,5,2,8880000.000000002,0.2,78,0.8990731323964497,-1,-1,-1,2.6,133120,212196,16.894451379776,-1,-1,-1
0.2,60,1,8880000.000000002,0.2,79,0.9607410318047337,-1,-1,-1,154.44533690316823,2241,2985,12.292966842651367,-1,-1,-1
0.2,5,3,8880000.000000002,0.2,80,0.9679641272189349,-1,-1,-1,62.43001443001443,5544,247537,10.80723762512207,-1,-1,-1
0.1,5,3,8880000.000000002,0.2,81,0.8079350036982249,-1,-1,-1,10.413141584932909,33238,259657,12.322899103164673,-1,-1,-1
0.1,60,1,8880000.000000002,0.2,82,0.8233173076923077,-1,-1,-1,93.41754385964913,3705,4449,9.73085880279541,-1,-1,-1
0.2,5,2,8880000.000000002,0.2,83,0.969582100591716,-1,-1,-1,2.6,133120,198476,10.801844596862793,-1,-1,-1
0.05,90,1,8880000.000000002,0.2,84,0.38802468565088755,-1,-1,-1,14.15417331206805,24453,25197,18.977357149124146,-1,-1,-1
0.25,90,1,8880000.000000002,0.2,85,0.992811575443787,-1,-1,-1,58.692894692216385,5897,6641,17.788023948669434,-1,-1,-1
0,70,1,8880000.000000002,0.2,86,0.0,-1,-1,-1,92.10005321979776,3758,4502,12.750650644302368,-1,-1,-1
0.25,4,2,8880000.000000002,0.2,87,0.9906388683431953,-1,-1,-1,3.25,106496,112370,12.712383270263672,-1,-1,-1
0.05,1,2,6000000.0,0.2,88,0.4699519230769231,-1,-1,-1,13.0,26624,142843,13.194661140441895,-1,-1,-1
0.2,2,2,6000000.0,0.2,89,0.9682414940828402,-1,-1,-1,6.5,53248,167331,13.727128505706787,-1,-1,-1
0.2,70,1,6000000.0,0.4,90,0.9715814534023669,-1,-1,-1,75.11111111111111,4608,5352,13.803210258483887,-1,-1,-1
0.2,1,3,6000000.0,0.4,91,0.9757881841715976,-1,-1,-1,82.60429594272077,4190,253573,14.01504397392273,-1,-1,-1
0.15,1,2,6000000.0,0.4,92,0.9044586723372781,-1,-1,-1,13.0,26624,142843,14.415488243103027,-1,-1,-1
0.05,80,1,6000000.0,0.4,93,0.43666789940828404,-1,-1,-1,31.648866130212145,10936,11680,17.47970223426819,-1,-1,-1
0.15,60,1,6000000.0,0.4,94,0.909451275887574,-1,-1,-1,67.16708713370852,5153,5897,16.773314476013184,-1,-1,-1
0.05,5,3,6000000.0,0.4,95,0.42813886834319526,-1,-1,-1,3.497352572652682,98964,259657,18.50815176963806,-1,-1,-1
0.25,60,1,6000000.0,0.4,96,0.9849759615384616,-1,-1,-1,192.60545353366723,1797,2541,13.375511169433594,-1,-1,-1
0.1,60,1,6000000.0,0.4,97,0.7723280325443787,-1,-1,-1,125.13087490961678,2766,3510,12.959082126617432,-1,-1,-1
0.05,60,1,6000000.0,0.4,98,0.48502218934911245,-1,-1,-1,98.43913538111491,3516,4260,13.549261093139648,-1,-1,-1
0,5,2,6000000.0,0.4,99,0.0,-1,-1,-1,2.6,133120,251396,19.426811933517456,-1,-1,-1
0.2,1,2,6000000.0,0.4,100,0.9664039386094675,-1,-1,-1,13.0,26624,139507,18.979463577270508,-1,-1,-1
0,2,3,6000000.0,0.4,101,0.0,-1,-1,-1,2.0,173056,256585,20.947670936584473,-1,-1,-1
0.25,1,3,6000000.0,0.4,102,0.9882928069526628,-1,-1,-1,170.83514313919054,2026,221765,19.021979570388794,-1,-1,-1
0.1,2,2,6000000.0,0.4,103,0.7863235022189349,-1,-1,-1,6.5,53248,169979,19.62235689163208,-1,-1,-1
0,3,3,6000000.0,0.4,104,1.1556952662721893e-05,-1,-1,-1,2.0000231141724547,173054,257609,19.77898359298706,-1,-1,-1
0.1,4,3,6000000.0,0.4,105,0.7833071375739645,-1,-1,-1,9.229653333333333,37500,258633,20.214309692382812,-1,-1,-1
0,4,2,6000000.0,0.4,106,1.1556952662721893e-05,-1,-1,-1,3.25,106496,224260,22.742133140563965,-1,-1,-1
0.1,90,1,6000000.0,0.4,107,0.8040980954142012,-1,-1,-1,31.212192262602578,11089,11833,21.905369758605957,-1,-1,-1
0.1,3,2,6000000.0,0.4,108,0.7628282174556213,-1,-1,-1,4.333333333333333,79872,197124,23.1404447555542,-1,-1,-1
0.15,100,1,6000000.0,0.4,109,0.9097170857988166,-1,-1,-1,7.643816254416961,45280,46024,23.85838508605957,-1,-1,-1
0.25,80,1,6000000.0,0.4,110,0.9902806028106509,-1,-1,-1,149.8969250757904,2309,3053,21.168196201324463,-1,-1,-1
0,4,3,6000000.0,0.4,111,0.0,-1,-1,-1,2.0,173056,258633,17.01440453529358,-1,-1,-1
0.25,60,1,8880000.000000002,0.4,112,0.9829534948224852,-1,-1,-1,189.2356478950246,1829,2573,15.797247886657715,-1,-1,-1
0.1,80,1,8880000.000000002,0.4,113,0.7769508136094675,-1,-1,-1,48.46149537944553,7142,7886,18.242608308792114,-1,-1,-1
0.25,2,2,8880000.000000002,0.4,114,0.9922452847633136,-1,-1,-1,6.5,53248,114362,17.79399037361145,-1,-1,-1
0,80,1,8880000.000000002,0.4,115,0.0,-1,-1,-1,28.04115693105404,12343,13087,21.911392211914062,-1,-1,-1
0.05,70,1,8880000.000000002,0.4,116,0.47525656434911245,-1,-1,-1,66.81698841698842,5180,5924,20.690464973449707,-1,-1,-1
0.05,100,1,8880000.000000002,0.4,117,0.4576206545857988,-1,-1,-1,6.426857800720467,53854,54598,31.79973602294922,-1,-1,-1
0.05,4,2,8880000.000000002,0.4,118,0.5451530140532544,-1,-1,-1,3.25,106496,224260,28.67459774017334,-1,-1,-1
0.25,80,1,8880000.000000002,0.4,119,0.9798909023668639,-1,-1,-1,107.7223778400249,3213,3957,23.35911512374878,-1,-1,-1
0,70,1,8880000.000000002,0.2,120,0.0,-1,-1,-1,90.46314688970205,3826,4570,22.4782395362854,-1,-1,-1
0.15,2,3,8880000.000000002,0.2,121,0.9049671782544378,-1,-1,-1,21.04536057399976,16446,256585,21.645898818969727,-1,-1,-1
0.2,4,3,8880000.000000002,0.2,122,0.9546389607988166,-1,-1,-1,44.09070063694268,7850,236501,20.277090072631836,-1,-1,-1
0.2,70,1,8880000.000000002,0.2,123,0.9621740939349113,-1,-1,-1,137.18271898533493,2523,3267,18.84101629257202,-1,-1,-1
0.05,70,1,8880000.000000002,0.2,124,0.577628051035503,-1,-1,-1,66.80409187415557,5181,5925,19.70454216003418,-1,-1,-1
0.05,80,1,8880000.000000002,0.2,125,0.5679664386094675,-1,-1,-1,37.90100744634253,9132,9876,20.889229774475098,-1,-1,-1
0,2,2,8880000.000000002,0.2,126,0.0,-1,-1,-1,6.5,53248,169979,21.33934736251831,-1,-1,-1
0.15,5,3,8880000.000000002,0.2,127,0.9056605954142012,-1,-1,-1,21.20004900159255,16326,257637,20.571420192718506,-1,-1,-1
0.15,4,2,8880000.000000002,0.2,128,0.9079719859467456,-1,-1,-1,3.25,106496,217268,20.933918952941895,-1,-1,-1
0.1,2,3,8880000.000000002,0.2,129,0.7571999815088757,-1,-1,-1,8.23723166262078,42018,256585,21.219758987426758,-1,-1,-1
0.2,5,2,6000000.0,0.4,130,0.9682299371301775,-1,-1,-1,2.6,133120,167107,20.76350688934326,-1,-1,-1
0.2,3,3,6000000.0,0.4,131,0.9674902921597633,-1,-1,-1,61.52008531816566,5626,227549,19.719771146774292,-1,-1,-1
0.05,2,2,6000000.0,0.4,132,0.4658607618343195,-1,-1,-1,6.5,53248,169979,21.529548168182373,-1,-1,-1
0.25,100,1,6000000.0,0.4,133,0.9857502773668639,-1,-1,-1,14.418930178303617,24004,24748,20.697154998779297,-1,-1,-1
0.25,5,2,6000000.0,0.4,134,0.9876918454142012,-1,-1,-1,2.6,133120,123978,19.736311435699463,-1,-1,-1
0.25,4,2,6000000.0,0.4,135,0.9908815643491125,-1,-1,-1,3.25,106496,112370,18.858885765075684,-1,-1,-1
0,1,2,6000000.0,0.4,136,0.0,-1,-1,-1,13.0,26624,142843,19.360543489456177,-1,-1,-1
0.1,5,2,6000000.0,0.4,137,0.7887851331360947,-1,-1,-1,2.6,133120,251396,22.894673347473145,-1,-1,-1
0.05,4,3,6000000.0,0.4,138,0.4977348372781065,-1,-1,-1,3.9819604233778185,86920,258633,22.233023643493652,-1,-1,-1
0.25,3,3,6000000.0,0.4,139,0.9815666605029586,-1,-1,-1,108.49905956112853,3190,205505,20.473642349243164,-1,-1,-1
0.05,5,3,6000000.0,0.4,140,0.6255085059171598,-1,-1,-1,5.340575237624985,64808,259657,19.948848485946655,-1,-1,-1
0.1,4,3,6000000.0,0.4,141,0.7913738905325444,-1,-1,-1,9.586527808553068,36104,232477,19.848872423171997,-1,-1,-1
0,3,3,6000000.0,0.4,142,8.089866863905326e-05,-1,-1,-1,2.0001618104275263,173042,257609,19.098888635635376,-1,-1,-1
0.15,2,3,6000000.0,0.4,143,0.9108958949704142,-1,-1,-1,22.445654993514914,15420,226645,18.831812143325806,-1,-1,-1
0.15,1,2,6000000.0,0.4,144,0.9274338942307693,-1,-1,-1,13.0,26624,123930,18.782707452774048,-1,-1,-1
0.25,1,3,6000000.0,0.4,145,0.9821445081360947,-1,-1,-1,112.01035598705502,3090,201885,17.8204345703125,-1,-1,-1
0.1,70,1,6000000.0,0.4,146,0.8211908284023669,-1,-1,-1,122.04231311706629,2836,3580,12.430551052093506,-1,-1,-1
0.15,5,2,6000000.0,0.4,147,0.9090121116863905,-1,-1,-1,2.6,133120,229836,14.688628911972046,-1,-1,-1
0,100,1,6000000.0,0.4,148,5.7784763313609464e-05,-1,-1,-1,7.185964912280702,48165,48909,36.56193256378174,-1,-1,-1
0.05,90,1,8880000.000000002,0.4,149,0.5843773113905325,-1,-1,-1,52.03126879134095,6652,7396,24.586186408996582,-1,-1,-1
0.1,90,1,8880000.000000002,0.2,150,0.7755524223372781,-1,-1,-1,49.63602466657106,6973,7717,22.502918243408203,-1,-1,-1
0.2,3,2,8880000.000000002,0.2,151,0.9634800295857988,-1,-1,-1,4.333333333333333,79872,180219,19.821321964263916,-1,-1,-1
0.05,3,3,8880000.000000002,0.2,152,0.5294817862426036,-1,-1,-1,4.250632476113281,81426,257609,17.988163232803345,-1,-1,-1
0.05,1,3,8880000.000000002,0.2,153,0.5444711538461539,-1,-1,-1,4.3905013192612135,78832,255561,16.185559034347534,-1,-1,-1
0.15,1,3,6000000.0,0.2,154,0.8972124630177515,-1,-1,-1,19.457611873172926,17788,237669,15.352582931518555,-1,-1,-1
0,3,2,6000000.0,0.2,155,4.622781065088757e-05,-1,-1,-1,4.333333333333333,79872,197124,20.3641414642334,-1,-1,-1
0.2,100,1,6000000.0,0.2,156,0.9545002773668639,-1,-1,-1,9.755129650507328,35480,36224,19.34261918067932,-1,-1,-1
0.05,3,2,6000000.0,0.2,157,0.5583741678994083,-1,-1,-1,4.333333333333333,79872,197124,21.44115447998047,-1,-1,-1
0.15,5,3,6000000.0,0.2,158,0.9038923816568047,-1,-1,-1,20.81000481000481,16632,229357,18.575845956802368,-1,-1,-1
0.25,3,2,6000000.0,0.2,159,0.984039848372781,-1,-1,-1,4.333333333333333,79872,135675,16.744723320007324,-1,-1,-1
0.25,2,3,6000000.0,0.4,160,0.9808385724852071,-1,-1,-1,104.37635705669481,3316,214669,15.273231267929077,-1,-1,-1
0.2,5,3,6000000.0,0.4,161,0.957944249260355,-1,-1,-1,47.55592195658148,7278,223297,14.709265232086182,-1,-1,-1
0.1,2,3,8880000.000000002,0.4,162,0.8058316383136095,-1,-1,-1,10.30033926551991,33602,238621,15.451478958129883,-1,-1,-1
0.1,5,3,8880000.000000002,0.4,163,0.8134938979289941,-1,-1,-1,10.723509728590903,32276,233397,15.907331705093384,-1,-1,-1
0.15,70,1,8880000.000000002,0.4,164,0.9077292899408284,-1,-1,-1,121.99929502996123,2837,3581,15.125126838684082,-1,-1,-1
0.1,4,2,6000000.0,0.4,165,0.7996486686390533,-1,-1,-1,3.25,106496,217268,17.999978065490723,-1,-1,-1
0.2,3,2,6000000.0,0.4,166,0.9579326923076923,-1,-1,-1,4.333333333333333,79872,169467,16.91056489944458,-1,-1,-1
0,1,2,6000000.0,0.4,167,0.0,-1,-1,-1,13.0,26624,142843,16.593655347824097,-1,-1,-1
0.2,4,2,6000000.0,0.4,168,0.9583834134615384,-1,-1,-1,3.25,106496,187543,16.31623148918152,-1,-1,-1
0,5,3,6000000.0,0.4,169,0.0,-1,-1,-1,2.0,173056,259657,15.21161675453186,-1,-1,-1
0.25,4,3,6000000.0,0.4,170,0.9871255547337278,-1,-1,-1,155.34649910233392,2228,220405,14.453401565551758,-1,-1,-1
0.25,100,1,6000000.0,0.4,171,0.990315273668639,-1,-1,-1,23.26646948104329,14876,15620,13.899869918823242,-1,-1,-1
0,4,2,6000000.0,0.4,172,0.0,-1,-1,-1,3.25,106496,224260,19.24069881439209,-1,-1,-1
0,1,3,6000000.0,0.4,173,0.0,-1,-1,-1,2.0,173056,255561,16.67083501815796,-1,-1,-1
0.15,70,1,6000000.0,0.4,174,0.9185350406804734,-1,-1,-1,107.85665316297911,3209,3953,15.430370569229126,-1,-1,-1
0.05,3,2,6000000.0,0.4,175,0.4927422337278107,-1,-1,-1,4.333333333333333,79872,197124,17.90347695350647,-1,-1,-1
0.25,5,3,6000000.0,0.4,176,0.9832077477810651,-1,-1,-1,119.10254645560909,2906,207137,15.480116605758667,-1,-1,-1
0.1,1,2,6000000.0,0.4,177,0.7835036057692307,-1,-1,-1,13.0,26624,141731,15.011465549468994,-1,-1,-1
0,4,3,6000000.0,0.4,178,0.0,-1,-1,-1,2.0,173056,258633,14.798038005828857,-1,-1,-1
0,80,1,6000000.0,0.4,179,0.0,-1,-1,-1,55.42225780624499,6245,6989,16.246721744537354,-1,-1,-1
0.25,4,3,6000000.0,0.4,180,0.9885701738165681,-1,-1,-1,174.98078867542972,1978,232477,14.811419248580933,154.65236818588025,14.99930202960968,188380.9523809524
0.25,4,3,6000000.0,0.4,181,0.9905232988165681,-1,-1,-1,211.04390243902438,1640,210345,13.804465532302856,154.65236818588025,14.99930202960968,156190.4761904762
0.25,4,3,6000000.0,0.4,182,0.9912398298816568,-1,-1,-1,228.30606860158312,1516,208333,12.871508598327637,154.65236818588025,14.99930202960968,144380.9523809524
0.25,4,3,6000000.0,0.4,183,0.9935743343195266,-1,-1,-1,311.2517985611511,1112,192228,12.405270338058472,154.65236818588025,14.99930202960968,105904.76190476192
0.25,4,3,6000000.0,0.4,184,0.9917945636094675,-1,-1,-1,243.74084507042252,1420,204309,11.879229545593262,154.65236818588025,14.99930202960968,135238.09523809527
0.25,4,3,6000000.0,0.4,185,0.9918754622781065,-1,-1,-1,246.1678520625889,1406,202297,11.615573167800903,154.65236818588025,14.99930202960968,133904.76190476192
0.25,4,3,6000000.0,0.4,186,0.9940250554733728,-1,-1,-1,334.73114119922633,1034,206321,11.268941164016724,154.65236818588025,14.99930202960968,98476.19047619049
0.25,4,3,6000000.0,0.4,187,0.9932854105029586,-1,-1,-1,297.85886402753874,1162,190216,10.914229154586792,154.65236818588025,14.99930202960968,110666.66666666667
0.25,4,3,6000000.0,0.4,188,0.9914709689349113,-1,-1,-1,234.49322493224932,1476,188204,10.629918575286865,154.65236818588025,14.99930202960968,140571.42857142858
0.25,4,3,6000000.0,0.4,189,0.9939672707100592,-1,-1,-1,331.5249042145594,1044,196252,10.50816535949707,154.65236818588025,14.99930202960968,99428.57142857143
0.25,4,3,6000000.0,0.4,190,0.991147374260355,-1,-1,-1,225.92167101827675,1532,198273,10.36676287651062,154.65236818588025,14.99930202960968,145904.76190476192
0.25,4,3,6000000.0,0.4,191,0.987160225591716,-1,-1,-1,155.76597659765977,2222,192228,10.145609378814697,154.65236818588025,14.99930202960968,211619.04761904763
0.25,4,3,6000000.0,0.4,192,0.9882350221893491,-1,-1,-1,169.99607072691552,2036,200285,9.992865920066833,154.65236818588025,14.99930202960968,193904.76190476192
0.25,4,3,6000000.0,0.4,193,0.9898298816568047,-1,-1,-1,196.65454545454546,1760,192228,9.838051795959473,154.65236818588025,14.99930202960968,167619.04761904763
0.25,4,3,6000000.0,0.4,194,0.9913900702662722,-1,-1,-1,232.28993288590604,1490,192228,9.821863174438477,154.65236818588025,14.99930202960968,141904.76190476192
0.25,4,3,6000000.0,0.4,195,0.993724574704142,-1,-1,-1,318.70349907918967,1086,192228,9.785448908805847,154.65236818588025,14.99930202960968,103428.57142857143
0.25,4,3,6000000.0,0.4,196,0.9926728920118343,-1,-1,-1,272.9589905362776,1268,198273,9.710386395454407,154.65236818588025,14.99930202960968,120761.90476190478
0.25,4,3,6000000.0,0.4,197,0.9929155880177515,-1,-1,-1,282.3099510603589,1226,198273,9.63657259941101,154.65236818588025,14.99930202960968,116761.90476190478
0.25,4,3,6000000.0,0.4,198,0.9946260170118343,-1,-1,-1,372.1634408602151,930,190216,9.581172466278076,154.65236818588025,14.99930202960968,88571.42857142858
0.25,4,3,6000000.0,0.4,199,0.9929155880177515,-1,-1,-1,282.3099510603589,1226,206321,9.473552703857422,154.65236818588025,14.99930202960968,116761.90476190478
0.25,4,3,6000000.0,0.4,200,0.9929964866863905,-1,-1,-1,285.57095709570956,1212,202297,9.432666897773743,154.65236818588025,14.99930202960968,115428.57142857143
0.25,4,3,6000000.0,0.4,201,0.9949033838757396,-1,-1,-1,392.4172335600907,882,182168,9.338988065719604,154.65236818588025,14.99930202960968,84000.00000000001
0.25,4,3,6000000.0,0.4,202,0.9937823594674556,-1,-1,-1,321.6654275092937,1076,196252,9.293471574783325,154.65236818588025,14.99930202960968,102476.19047619049
0.25,4,3,6000000.0,0.4,203,0.9923492973372781,-1,-1,-1,261.41389728096675,1324,198273,9.303268790245056,154.65236818588025,14.99930202960968,126095.2380952381
0.25,4,3,6000000.0,0.4,204,0.9942561945266272,-1,-1,-1,348.2012072434608,994,182168,9.192429184913635,154.65236818588025,14.99930202960968,94666.66666666667
0.25,4,3,6000000.0,0.4,205,0.991852348372781,-1,-1,-1,245.4695035460993,1410,194240,9.219328761100769,154.65236818588025,14.99930202960968,134285.7142857143
0.25,4,3,6000000.0,0.4,206,0.9901997041420119,-1,-1,-1,204.0754716981132,1696,194240,9.128279089927673,154.65236818588025,14.99930202960968,161523.80952380953
0.25,4,3,6000000.0,0.4,207,0.9929502588757396,-1,-1,-1,283.6983606557377,1220,198273,9.070065021514893,154.65236818588025,14.99930202960968,116190.4761904762
0.25,4,3,6000000.0,0.4,208,0.9893098187869822,-1,-1,-1,187.08756756756756,1850,198273,9.031893014907837,154.65236818588025,14.99930202960968,176190.4761904762
0.25,4,3,6000000.0,0.4,209,0.9914016272189349,-1,-1,-1,232.6021505376344,1488,198273,9.094683527946472,154.65236818588025,14.99930202960968,141714.28571428574
0.25,4,3,6000000.0,0.4,210,0.9938632581360947,-1,-1,-1,325.90583804143125,1062,196252,9.08412516117096,154.65236818588025,14.99930202960968,101142.85714285716
0.25,4,3,6000000.0,0.4,211,0.9928000184911243,-1,-1,-1,277.7784911717496,1246,196252,9.12417471408844,154.65236818588025,14.99930202960968,118666.66666666669
0.25,4,3,6000000.0,0.4,212,0.9926497781065089,-1,-1,-1,272.1006289308176,1272,200285,9.047250747680664,154.65236818588025,14.99930202960968,121142.85714285716
0.25,4,3,6000000.0,0.4,213,0.9945220044378699,-1,-1,-1,365.0970464135021,948,196252,9.01324212551117,154.65236818588025,14.99930202960968,90285.71428571429
0.24,4,3,8880000.000000002,0.4,214,0.9910433616863905,-1,-1,-1,223.29806451612905,1550,210345,9.07530963420868,226.49864327204259,11.279615163803104,147619.04761904763
0.24,4,3,8880000.000000002,0.4,215,0.9912051590236687,-1,-1,-1,227.4060446780552,1522,214369,9.0890634059906,226.49864327204259,11.279615163803104,144952.38095238098
0.24,4,3,8880000.000000002,0.4,216,0.9932507396449705,-1,-1,-1,296.32876712328766,1168,204309,9.10567820072174,226.49864327204259,11.279615163803104,111238.09523809525
0.24,4,3,8880000.000000002,0.4,217,0.9918176775147929,-1,-1,-1,244.42937853107344,1416,202297,9.150500893592834,226.49864327204259,11.279615163803104,134857.14285714287
0.24,4,3,8880000.000000002,0.4,218,0.9910086908284024,-1,-1,-1,222.43701799485862,1556,200285,9.198265671730042,226.49864327204259,11.279615163803104,148190.4761904762
0.24,4,3,8880000.000000002,0.4,219,0.9922106139053254,-1,-1,-1,256.75964391691394,1348,200285,9.160349369049072,226.49864327204259,11.279615163803104,128380.9523809524
0.07,2,2,8880000.000000002,0.2,220,0.6208279400887574,-1,-1,-1,6.5,53248,169979,11.274772882461548,6.5,18.121821641921997,5071238.095238096
0.05,2,2,8880000.000000002,0.2,221,0.5187453772189349,-1,-1,-1,6.5,53248,169979,12.867646217346191,6.5,18.784726858139038,5071238.095238096
0.05,2,2,8880000.000000002,0.2,222,0.5323594674556213,-1,-1,-1,6.5,53248,169979,14.21201229095459,6.5,18.784726858139038,5071238.095238096
0.05,2,2,8880000.000000002,0.2,223,0.5486432137573964,-1,-1,-1,6.5,53248,169979,15.013716220855713,6.5,18.784726858139038,5071238.095238096
0.05,2,2,8880000.000000002,0.2,224,0.5428762943786982,-1,-1,-1,6.5,53248,169979,15.873477458953857,6.5,18.784726858139038,5071238.095238096
0.05,2,2,8880000.000000002,0.2,225,0.5404955621301775,-1,-1,-1,6.5,53248,169979,16.520192623138428,6.5,18.784726858139038,5071238.095238096
0.05,2,2,8880000.000000002,0.2,226,0.5415703587278107,-1,-1,-1,6.5,53248,169979,17.12307572364807,6.5,18.784726858139038,5071238.095238096
0.05,2,2,8880000.000000002,0.2,227,0.5414779031065089,-1,-1,-1,6.5,53248,169979,17.426819801330566,6.5,18.784726858139038,5071238.095238096
0.05,2,2,8880000.000000002,0.2,228,0.5406458025147929,-1,-1,-1,6.5,53248,169979,17.82036066055298,6.5,18.784726858139038,5071238.095238096
0.05,2,2,8880000.000000002,0.2,229,0.5459273298816568,-1,-1,-1,6.5,53248,169979,18.048405647277832,6.5,18.784726858139038,5071238.095238096
0.05,2,2,8880000.000000002,0.2,230,0.5499375924556213,-1,-1,-1,6.5,53248,169979,18.224196434020996,6.5,18.784726858139038,5071238.095238096
0.05,2,2,8880000.000000002,0.2,231,0.547787999260355,-1,-1,-1,6.5,53248,169979,18.53434681892395,6.5,18.784726858139038,5071238.095238096
0.05,2,2,8880000.000000002,0.2,232,0.5506194526627219,-1,-1,-1,6.5,53248,169979,18.357903957366943,6.5,18.784726858139038,5071238.095238096
0.05,2,2,8880000.000000002,0.2,233,0.5559125369822485,-1,-1,-1,6.5,53248,169979,18.40874671936035,6.5,18.784726858139038,5071238.095238096
0.05,2,2,8880000.000000002,0.2,234,0.5546759430473372,-1,-1,-1,6.5,53248,169979,18.376208543777466,6.5,18.784726858139038,5071238.095238096
0.05,2,2,8880000.000000002,0.2,235,0.5565712832840237,-1,-1,-1,6.5,53248,169979,18.59621524810791,6.5,18.784726858139038,5071238.095238096
0.05,2,2,8880000.000000002,0.2,236,0.566487148668639,-1,-1,-1,6.5,53248,169979,18.269566297531128,6.5,18.784726858139038,5071238.095238096
0.05,2,2,8880000.000000002,0.2,237,0.5624768860946746,-1,-1,-1,6.5,53248,169979,18.217532634735107,6.5,18.784726858139038,5071238.095238096
0.05,2,2,8880000.000000002,0.2,238,0.5736409023668639,-1,-1,-1,6.5,53248,167331,17.847115993499756,6.5,18.784726858139038,5071238.095238096
0.05,2,2,8880000.000000002,0.2,239,0.5687523113905325,-1,-1,-1,6.5,53248,168655,18.18973422050476,6.5,18.784726858139038,5071238.095238096
0.05,2,2,8880000.000000002,0.2,240,0.5632165310650887,-1,-1,-1,6.5,53248,169979,18.251922130584717,6.5,18.784726858139038,5071238.095238096
0.05,2,2,8880000.000000002,0.2,241,0.5620955066568047,-1,-1,-1,6.5,53248,169979,18.528655767440796,6.5,18.784726858139038,5071238.095238096
0.05,2,2,8880000.000000002,0.2,242,0.5616910133136095,-1,-1,-1,6.5,53248,169979,18.840705156326294,6.5,18.784726858139038,5071238.095238096
0.05,2,2,8880000.000000002,0.2,243,0.5566637389053254,-1,-1,-1,6.5,53248,169979,18.976173400878906,6.5,18.784726858139038,5071238.095238096
0.05,2,2,8880000.000000002,0.2,244,0.5605584319526628,-1,-1,-1,6.5,53248,169979,19.000877141952515,6.5,18.784726858139038,5071238.095238096
0.05,2,2,8880000.000000002,0.2,245,0.560962925295858,-1,-1,-1,6.5,53248,169979,18.97794008255005,6.5,18.784726858139038,5071238.095238096
0.05,2,2,8880000.000000002,0.2,246,0.5582354844674556,-1,-1,-1,6.5,53248,169979,19.159647226333618,6.5,18.784726858139038,5071238.095238096
0.05,2,2,8880000.000000002,0.2,247,0.5605122041420119,-1,-1,-1,6.5,53248,169979,19.199362993240356,6.5,18.784726858139038,5071238.095238096
0.05,2,2,8880000.000000002,0.2,248,0.5638521634615384,-1,-1,-1,6.5,53248,168655,19.088354110717773,6.5,18.784726858139038,5071238.095238096
0.05,2,2,8880000.000000002,0.2,249,0.5614136464497042,-1,-1,-1,6.5,53248,169979,19.34453010559082,6.5,18.784726858139038,5071238.095238096
0.05,2,2,8880000.000000002,0.2,250,0.5640255177514792,-1,-1,-1,6.5,53248,168655,19.302133321762085,6.5,18.784726858139038,5071238.095238096
0.05,2,2,8880000.000000002,0.2,251,0.5844697670118343,-1,-1,-1,6.5,53248,158063,18.011186122894287,6.5,18.784726858139038,5071238.095238096
0.05,2,2,8880000.000000002,0.2,252,0.5785294933431953,-1,-1,-1,6.5,53248,152767,18.393388986587524,6.5,18.784726858139038,5071238.095238096
0.05,2,2,8880000.000000002,0.2,253,0.5714913091715976,-1,-1,-1,6.5,53248,166007,18.825509548187256,6.5,18.784726858139038,5071238.095238096
0.05,2,2,8880000.000000002,0.2,254,0.5689141087278107,-1,-1,-1,6.5,53248,163359,18.920477628707886,6.5,18.784726858139038,5071238.095238096
0.05,2,2,8880000.000000002,0.2,255,0.5675503883136095,-1,-1,-1,6.5,53248,169979,18.74010443687439,6.5,18.784726858139038,5071238.095238096
0.05,2,2,8880000.000000002,0.2,256,0.5707401072485208,-1,-1,-1,6.5,53248,168655,18.867565393447876,6.5,18.784726858139038,5071238.095238096
0.05,2,2,8880000.000000002,0.2,257,0.5728434726331361,-1,-1,-1,6.5,53248,168655,18.894959688186646,6.5,18.784726858139038,5071238.095238096
0.05,2,2,8880000.000000002,0.2,258,0.5671458949704142,-1,-1,-1,6.5,53248,169979,19.385459423065186,6.5,18.784726858139038,5071238.095238096
0.05,2,2,8880000.000000002,0.2,259,0.5677121856508875,-1,-1,-1,6.5,53248,168655,19.599722623825073,6.5,18.784726858139038,5071238.095238096
0.05,2,2,8880000.000000002,0.2,260,0.5686714127218935,-1,-1,-1,6.5,53248,168655,19.56935167312622,6.5,18.784726858139038,5071238.095238096
0.05,2,2,8880000.000000002,0.2,261,0.5693879437869822,-1,-1,-1,6.5,53248,169979,19.64972972869873,6.5,18.784726858139038,5071238.095238096
0.05,2,2,8880000.000000002,0.2,262,0.5698848927514792,-1,-1,-1,6.5,53248,169979,19.450889825820923,6.5,18.784726858139038,5071238.095238096
0.05,2,2,8880000.000000002,0.2,263,0.5708441198224852,-1,-1,-1,6.5,53248,168655,19.624123573303223,6.5,18.784726858139038,5071238.095238096
0.05,2,2,8880000.000000002,0.2,264,0.5675735022189349,-1,-1,-1,6.5,53248,168655,19.658358097076416,6.5,18.784726858139038,5071238.095238096
0.05,2,2,8880000.000000002,0.2,265,0.5743574334319527,-1,-1,-1,6.5,53248,167331,19.432930946350098,6.5,18.784726858139038,5071238.095238096
0.05,2,2,8880000.000000002,0.2,266,0.5814765162721893,-1,-1,-1,6.5,53248,164683,19.130120277404785,6.5,18.784726858139038,5071238.095238096
0.05,2,2,8880000.000000002,0.2,267,0.5766803809171598,-1,-1,-1,6.5,53248,166007,19.437811374664307,6.5,18.784726858139038,5071238.095238096
0.05,2,2,8880000.000000002,0.2,268,0.5887458394970414,-1,-1,-1,6.5,53248,151443,18.77817153930664,6.5,18.784726858139038,5071238.095238096
0.05,2,2,8880000.000000002,0.2,269,0.582447300295858,-1,-1,-1,6.5,53248,150119,18.916995525360107,6.5,18.784726858139038,5071238.095238096
0.05,2,2,8880000.000000002,0.2,270,0.5787837463017751,-1,-1,-1,6.5,53248,154091,19.076220989227295,6.5,18.784726858139038,5071238.095238096
0.05,2,2,8880000.000000002,0.2,271,0.5782636834319527,-1,-1,-1,6.5,53248,155415,19.23570156097412,6.5,18.784726858139038,5071238.095238096
0.05,2,2,8880000.000000002,0.2,272,0.5768421782544378,-1,-1,-1,6.5,53248,163359,19.393508434295654,6.5,18.784726858139038,5071238.095238096
0.05,2,2,8880000.000000002,0.2,273,0.5753860022189349,-1,-1,-1,6.5,53248,169979,19.369606971740723,6.5,18.784726858139038,5071238.095238096
0.05,2,2,8880000.000000002,0.2,274,0.5748197115384616,-1,-1,-1,6.5,53248,166007,19.551827907562256,6.5,18.784726858139038,5071238.095238096
0.05,2,2,8880000.000000002,0.2,275,0.5771311020710059,-1,-1,-1,6.5,53248,166007,19.81776475906372,6.5,18.784726858139038,5071238.095238096
0.05,2,2,8880000.000000002,0.2,276,0.5738258136094675,-1,-1,-1,6.5,53248,169979,19.851737022399902,6.5,18.784726858139038,5071238.095238096
0.05,2,2,8880000.000000002,0.2,277,0.580159023668639,-1,-1,-1,6.5,53248,167331,19.830633401870728,6.5,18.784726858139038,5071238.095238096
0.05,2,2,8880000.000000002,0.2,278,0.5823548446745562,-1,-1,-1,6.5,53248,167331,19.666638374328613,6.5,18.784726858139038,5071238.095238096
0.05,2,2,8880000.000000002,0.2,279,0.5801474667159763,-1,-1,-1,6.5,53248,167331,19.911659955978394,6.5,18.784726858139038,5071238.095238096
0.05,2,2,8880000.000000002,0.2,280,0.5813840606508875,-1,-1,-1,6.5,53248,160711,19.86054539680481,6.5,18.784726858139038,5071238.095238096
0.05,2,2,8880000.000000002,0.2,281,0.5848049186390533,-1,-1,-1,6.5,53248,155415,19.63700771331787,6.5,18.784726858139038,5071238.095238096
0.05,2,2,8880000.000000002,0.2,282,0.5790726701183432,-1,-1,-1,6.5,53248,160711,19.63760256767273,6.5,18.784726858139038,5071238.095238096
0.05,2,2,8880000.000000002,0.2,283,0.5962347448224852,-1,-1,-1,6.5,53248,150119,19.053044319152832,6.5,18.784726858139038,5071238.095238096
0.05,2,2,8880000.000000002,0.2,284,0.5858912721893491,-1,-1,-1,6.5,53248,152767,19.362990856170654,6.5,18.784726858139038,5071238.095238096
0.05,2,2,8880000.000000002,0.2,285,0.580991124260355,-1,-1,-1,6.5,53248,163359,19.63125705718994,6.5,18.784726858139038,5071238.095238096
0.05,2,2,8880000.000000002,0.2,286,0.5813031619822485,-1,-1,-1,6.5,53248,159387,19.644004106521606,6.5,18.784726858139038,5071238.095238096
0.05,2,2,8880000.000000002,0.2,287,0.5779863165680473,-1,-1,-1,6.5,53248,163359,19.704139232635498,6.5,18.784726858139038,5071238.095238096
0.05,2,2,3119999.9999999977,0.2,288,0.5762181028106509,-1,-1,-1,6.5,53248,164683,19.620115756988525,6.5,18.784726858139038,5071238.095238096
0.05,2,2,3119999.9999999977,0.2,289,0.580286150147929,-1,-1,-1,6.5,53248,158063,19.639065265655518,6.5,18.784726858139038,5071238.095238096
0.25,4,3,3119999.9999999977,0.5,290,0.9793246116863905,-1,-1,-1,96.7333705980995,3578,202297,17.76321053504944,272.1006289308176,9.030246436595917,340761.9047619048
0.25,4,3,3119999.9999999977,0.5,291,0.985704049556213,-1,-1,-1,139.8997574777688,2474,204309,16.695982217788696,272.1006289308176,9.030246436595917,235619.04761904763
0.25,4,3,3119999.9999999977,0.5,292,0.985912074704142,-1,-1,-1,141.96554552912224,2438,210345,16.001811027526855,272.1006289308176,9.030246436595917,232190.4761904762
0.25,4,3,3119999.9999999977,0.5,293,0.9857156065088757,-1,-1,-1,140.01294498381878,2472,190216,15.42151927947998,272.1006289308176,9.030246436595917,235428.57142857145
0.25,4,3,3119999.9999999977,0.5,294,0.9888590976331361,-1,-1,-1,179.5186721991701,1928,206321,14.617524147033691,272.1006289308176,9.030246436595917,183619.04761904763
0.24,4,3,6000000.0,0.5,295,0.9829881656804734,-1,-1,-1,117.56521739130434,2944,206321,14.163784980773926,222.43701799485862,9.179307520389557,280380.9523809524
0.24,4,3,6000000.0,0.5,296,0.980965698964497,-1,-1,-1,105.07346690953248,3294,214369,13.970613479614258,222.43701799485862,9.179307520389557,313714.28571428574
0.24,4,3,6000000.0,0.5,297,0.9842132026627219,-1,-1,-1,126.68814055636896,2732,214369,13.60916018486023,222.43701799485862,9.179307520389557,260190.4761904762
0.24,4,3,6000000.0,0.5,298,0.980803901627219,-1,-1,-1,104.18783865141481,3322,212357,13.045985698699951,222.43701799485862,9.179307520389557,316380.9523809524
0.24,4,3,6000000.0,0.5,299,0.9837740384615384,-1,-1,-1,123.25925925925925,2808,210345,13.14507246017456,222.43701799485862,9.179307520389557,267428.5714285715
0.25,4,3,6000000.0,0.4,300,0.991147374260355,-1,-1,-1,225.92167101827675,1532,198273,12.757161855697632,140.01294498381878,15.019521713256836,145904.76190476192
0.25,4,3,6000000.0,0.4,301,0.989899223372781,-1,-1,-1,198.0045766590389,1748,204309,12.536861896514893,140.01294498381878,15.019521713256836,166476.1904761905
0.25,4,3,6000000.0,0.4,302,0.9892058062130178,-1,-1,-1,185.2847965738758,1868,202297,12.517240047454834,140.01294498381878,15.019521713256836,177904.76190476192
0.25,4,3,6000000.0,0.4,303,0.9920372596153846,-1,-1,-1,251.16981132075472,1378,198273,12.496172189712524,140.01294498381878,15.019521713256836,131238.09523809527
0.25,4,3,6000000.0,0.4,304,0.989610299556213,-1,-1,-1,192.49833147942158,1798,206321,12.344486713409424,140.01294498381878,15.019521713256836,171238.09523809527
0.25,4,3,6000000.0,0.4,305,0.9894947300295858,-1,-1,-1,190.38063806380637,1818,188204,12.236281633377075,140.01294498381878,15.019521713256836,173142.85714285716
0.25,4,3,6000000.0,0.4,306,0.9756841715976331,-1,-1,-1,82.25095057034221,4208,168084,1.3505618274211884,140.01294498381878,15.019521713256836,400761.9047619048
0.25,5,3,6000000.0,0.4,307,0.9802376109467456,-1,-1,-1,101.20233918128655,3420,195008,2.1292315423488617,119.10254645560909,13.965769410133362,325714.28571428574
0.25,1,3,6000000.0,0.4,308,0.9849181767751479,-1,-1,-1,132.60996168582375,2610,187960,2.635151743888855,112.01035598705502,18.421207070350647,248571.4285714286
0.25,3,3,6000000.0,0.4,309,0.9878189718934911,-1,-1,-1,164.1897533206831,2108,195476,2.9989731311798096,108.49905956112853,16.087666749954224,200761.9047619048
0.25,3,3,6000000.0,0.4,310,0.9895409578402367,-1,-1,-1,191.2220994475138,1810,197480,3.2819315791130066,108.49905956112853,11.736307740211487,172380.9523809524
0.25,2,3,6000000.0,0.4,311,0.9892173631656804,-1,-1,-1,185.4833869239014,1866,194700,3.5191887617111206,104.37635705669481,14.513777494430542,177714.28571428574
0.24,4,3,6000000.0,0.4,312,0.9843172152366864,-1,-1,-1,127.52837140751659,2714,210345,3.919498920440674,104.18783865141481,13.095529079437256,258476.1904761905
0.23,4,3,6000000.0,0.4,313,0.9777990939349113,-1,-1,-1,90.0864133263925,3842,218393,4.5024555921554565,103.46711960368015,11.468486785888667,365904.76190476195
0.21,3,3,6000000.0,0.4,314,0.9585567677514792,-1,-1,-1,48.25878416062465,7172,227549,5.5970001220703125,82.05401891866913,13.232227414846424,683047.6190476192
0.22,2,3,6000000.0,0.4,315,0.974401349852071,-1,-1,-1,78.12911963882618,4430,222653,6.145051121711731,81.39682002771801,11.670317530632019,421904.76190476195
0.22,5,3,6000000.0,0.4,316,0.9764931582840237,-1,-1,-1,85.08161258603737,4068,225317,6.623057126998901,69.01448884646351,11.176820486783981,387428.5714285715
0.2,2,3,6000000.0,0.4,317,0.9523160133136095,-1,-1,-1,41.94280174503151,8252,224649,7.5482553243637085,66.07712867506682,13.186389207839966,785904.761904762
0.2,3,3,6000000.0,0.4,318,0.9570890347633136,-1,-1,-1,46.608133584702394,7426,225545,8.318153619766235,61.52008531816566,15.755171179771423,707238.0952380953
0.2,3,3,6000000.0,0.4,319,0.9617580436390533,-1,-1,-1,52.298579631308556,6618,225545,9.025121927261353,61.52008531816566,15.755171179771423,630285.7142857143
0.2,3,3,6000000.0,0.4,320,0.9666235207100592,-1,-1,-1,59.9224376731302,5776,221537,9.483315348625183,61.52008531816566,15.755171179771423,550095.2380952381
0.2,3,3,6000000.0,0.4,321,0.9729220599112426,-1,-1,-1,73.86086214255228,4686,223541,9.754515886306763,61.52008531816566,15.755171179771423,446285.7142857143
0.21,4,3,3399999.9999999986,0.4,322,0.9843287721893491,-1,-1,-1,127.62241887905604,2712,220405,9.855497479438782,59.42260486675926,15.01887857913972,258285.71428571432
0.21,4,3,3399999.9999999986,0.4,323,0.9837740384615384,-1,-1,-1,123.25925925925925,2808,222417,9.965196251869202,59.42260486675926,15.01887857913972,267428.5714285715
0.2,5,3,6000000.0,0.4,324,0.9783422707100592,-1,-1,-1,92.34578441835646,3748,225317,10.262203216552734,47.55592195658148,12.758251428604126,356952.380952381
0.2,5,3,6000000.0,0.4,325,0.9786774223372781,-1,-1,-1,93.79728997289973,3690,219257,10.495750904083252,47.55592195658148,12.758251428604126,351428.5714285715
0.2,5,3,6000000.0,0.4,326,0.9760771079881657,-1,-1,-1,83.60193236714976,4140,225317,10.696816444396973,47.55592195658148,12.758251428604126,394285.7142857143
0.2,5,3,6000000.0,0.4,327,0.9814857618343196,-1,-1,-1,108.02496878901373,3204,227337,10.884826183319092,47.55592195658148,12.758251428604126,305142.85714285716
0.2,5,3,6000000.0,0.4,328,0.9761233357988166,-1,-1,-1,83.76379477250725,4132,223297,10.99820852279663,47.55592195658148,12.758251428604126,393523.8095238096
0.2,5,3,6000000.0,0.4,329,0.9804803069526628,-1,-1,-1,102.46062759029012,3378,227337,11.22889518737793,47.55592195658148,12.758251428604126,321714.28571428574
0.2,5,3,6000000.0,0.4,330,0.9852995562130178,-1,-1,-1,136.0503144654088,2544,225317,11.355807781219482,47.55592195658148,12.758251428604126,242285.71428571432
0.2,5,3,6000000.0,0.4,331,0.9841323039940828,-1,-1,-1,126.0422432629279,2746,227337,11.495591402053833,47.55592195658148,12.758251428604126,261523.80952380956
0.2,5,3,6000000.0,0.4,332,0.9835313424556213,-1,-1,-1,121.44280701754386,2850,227337,11.641141176223755,47.55592195658148,12.758251428604126,271428.5714285715
0.2,5,3,800000.0000000007,0.4,333,0.9872064534023669,-1,-1,-1,156.32881662149956,2214,223297,11.766022443771362,121.44280701754386,11.568366289138794,210857.14285714287
0.2,5,3,800000.0000000007,0.4,334,0.9852764423076923,-1,-1,-1,135.83673469387756,2548,229357,11.78221344947815,121.44280701754386,11.568366289138794,242666.6666666667
0.2,5,3,800000.0000000007,0.4,335,0.9850684171597633,-1,-1,-1,133.94427244582045,2584,225317,11.960434913635254,121.44280701754386,11.568366289138794,246095.2380952381
0.2,5,3,800000.0000000007,0.4,336,0.9879576553254438,-1,-1,-1,166.0806142034549,2084,225317,11.975129842758179,121.44280701754386,11.568366289138794,198476.1904761905
0.2,5,3,800000.0000000007,0.4,337,0.9862934541420119,-1,-1,-1,145.91568296795953,2372,225317,12.055883407592773,121.44280701754386,11.568366289138794,225904.76190476192
0.2,5,3,800000.0000000007,0.4,338,0.9843056582840237,-1,-1,-1,127.43446244477173,2716,225317,12.151151895523071,121.44280701754386,11.568366289138794,258666.6666666667
0.2,5,3,800000.0000000007,0.4,339,0.9873335798816568,-1,-1,-1,157.8978102189781,2192,229357,12.163318395614624,121.44280701754386,11.568366289138794,208761.9047619048
0.2,5,3,800000.0000000007,0.5,340,0.9837740384615384,-1,-1,-1,123.25925925925925,2808,221277,12.2499680519104,127.43446244477173,12.157235145568848,267428.5714285715
0.2,5,3,800000.0000000007,0.5,341,0.9805380917159763,-1,-1,-1,102.76484560570071,3368,227337,12.317502498626709,127.43446244477173,12.157235145568848,320761.9047619048
0.2,5,3,800000.0000000007,0.5,342,0.9846061390532544,-1,-1,-1,129.92192192192192,2664,229357,12.283356189727783,127.43446244477173,12.157235145568848,253714.28571428574
0.2,5,3,800000.0000000007,0.5,343,0.9787120931952663,-1,-1,-1,93.9500542888165,3684,229357,12.33055591583252,127.43446244477173,12.157235145568848,350857.1428571429
0.21,4,3,3399999.9999999986,0.5,344,0.9889399963017751,-1,-1,-1,180.8317659352142,1914,220405,12.332098484039307,123.25925925925925,9.910346865653992,182285.71428571432
0.21,4,3,3399999.9999999986,0.5,345,0.9916443232248521,-1,-1,-1,239.3582295988935,1446,218393,12.332401275634766,123.25925925925925,9.910346865653992,137714.28571428574
0.21,4,3,3399999.9999999986,0.5,346,0.9901072485207101,-1,-1,-1,202.16822429906543,1712,222417,12.373007535934448,123.25925925925925,9.910346865653992,163047.61904761905
0.21,4,3,3399999.9999999986,0.5,347,0.9904077292899408,-1,-1,-1,208.50120481927712,1660,220405,12.400470972061157,123.25925925925925,9.910346865653992,158095.2380952381
0.21,4,3,3399999.9999999986,0.5,348,0.9929502588757396,-1,-1,-1,283.6983606557377,1220,220405,12.398123741149902,123.25925925925925,9.910346865653992,116190.4761904762
0.21,4,3,3399999.9999999986,0.5,349,0.9916096523668639,-1,-1,-1,238.36914600550963,1452,220405,12.391449213027954,123.25925925925925,9.910346865653992,138285.7142857143
0.21,4,3,3399999.9999999986,0.5,350,0.9913669563609467,-1,-1,-1,231.66800535475235,1494,218393,12.431890964508057,123.25925925925925,9.910346865653992,142285.7142857143
0.21,4,3,3399999.9999999986,0.5,351,0.9936667899408284,-1,-1,-1,315.7956204379562,1096,210345,12.436164617538452,123.25925925925925,9.910346865653992,104380.9523809524
0.21,4,3,3399999.9999999986,0.5,352,0.9914709689349113,-1,-1,-1,234.49322493224932,1476,218393,12.42268443107605,123.25925925925925,9.910346865653992,140571.42857142858
0.21,4,3,3399999.9999999986,0.5,353,0.990569526627219,-1,-1,-1,212.07843137254903,1632,216381,12.318471670150757,123.25925925925925,9.910346865653992,155428.57142857145
0.21,4,3,3399999.9999999986,0.5,354,0.9932854105029586,-1,-1,-1,297.85886402753874,1162,216381,12.376198768615723,123.25925925925925,9.910346865653992,110666.66666666667
0.21,4,3,3399999.9999999986,0.5,355,0.990026349852071,-1,-1,-1,200.52838933951332,1726,214369,12.324990034103394,123.25925925925925,9.910346865653992,164380.9523809524
0.21,4,3,3399999.9999999986,0.5,356,0.9870215421597633,-1,-1,-1,154.10151380231522,2246,220405,12.26992130279541,123.25925925925925,9.910346865653992,213904.76190476192
0.21,4,3,3399999.9999999986,0.5,357,0.9899801220414202,-1,-1,-1,199.60322952710496,1734,220405,12.254797220230103,123.25925925925925,9.910346865653992,165142.85714285716
0.21,4,3,3399999.9999999986,0.5,358,0.9849759615384616,-1,-1,-1,133.12,2600,220405,12.201110124588013,123.25925925925925,9.910346865653992,247619.04761904763
0.21,4,3,3399999.9999999986,0.5,359,0.9888359837278107,-1,-1,-1,179.1469979296066,1932,222417,12.241383790969849,123.25925925925925,9.910346865653992,184000.00000000003
0.21,4,3,3399999.9999999986,0.5,360,0.9924186390532544,-1,-1,-1,263.8048780487805,1312,218393,12.258954048156738,123.25925925925925,9.910346865653992,124952.38095238096
0.21,4,3,3399999.9999999986,0.5,361,0.9544193786982249,-1,-1,-1,43.878296146044626,7888,196252,2.2193506360054016,123.25925925925925,9.910346865653992,751238.0952380953
0.24,4,3,3399999.9999999986,0.5,362,0.9797984467455622,-1,-1,-1,99.00228832951944,3496,206321,2.926523983478546,123.25925925925925,8.532285690307617,332952.380952381
0.25,1,3,3399999.9999999986,0.5,363,0.9892173631656804,-1,-1,-1,185.4833869239014,1866,187960,3.2296228408813477,112.01035598705502,10.227793157100677,177714.28571428574
0.25,2,3,3399999.9999999986,0.5,364,0.9905348557692307,-1,-1,-1,211.3015873015873,1638,188712,3.4808343648910522,104.37635705669481,9.396210014820099,156000.00000000003
0.25,5,3,3399999.9999999986,0.5,365,0.9917252218934911,-1,-1,-1,241.69832402234636,1432,199057,3.6652377247810364,101.20233918128655,8.804674074053764,136380.9523809524
0.2,5,3,3399999.9999999986,0.5,366,0.9439141087278107,-1,-1,-1,35.659592004945395,9706,227337,5.322898626327515,93.9500542888165,12.306956052780151,924380.9523809524
0.2,5,3,3399999.9999999986,0.5,367,0.9464681952662722,-1,-1,-1,37.36096718480138,9264,227337,6.733415126800537,93.9500542888165,12.306956052780151,882285.7142857143
0.21,2,3,6000000.0,0.5,368,0.9627403846153846,-1,-1,-1,53.67741935483871,6448,224649,7.526329755783081,60.03596069192882,7.864293903112413,614095.2380952381
0.21,2,3,6000000.0,0.5,369,0.9655256102071006,-1,-1,-1,58.01407978545089,5966,222653,8.144347071647644,60.03596069192882,7.864293903112413,568190.4761904762
0.2,4,3,6000000.0,0.4,370,0.9570659208579881,-1,-1,-1,46.58304172274563,7430,228453,9.00680959224701,44.09070063694268,20.277090072631836,707619.0476190477
0.2,4,3,6000000.0,0.4,371,0.9595622226331361,-1,-1,-1,49.45870248642469,6998,226441,9.641112089157104,44.09070063694268,20.277090072631836,666476.1904761905
0.2,4,3,6000000.0,0.4,372,0.964138775887574,-1,-1,-1,55.77054463422494,6206,224429,10.285011529922485,44.09070063694268,20.277090072631836,591047.619047619
0.2,4,3,6000000.0,0.4,373,0.9708995931952663,-1,-1,-1,68.7275615567911,5036,228453,10.711458921432495,44.09070063694268,20.277090072631836,479619.0476190477
0.2,4,3,6000000.0,0.4,374,0.9769669933431953,-1,-1,-1,86.83191169091822,3986,226441,11.035168170928955,44.09070063694268,20.277090072631836,379619.04761904763
0.2,4,3,6000000.0,0.4,375,0.9820404955621301,-1,-1,-1,111.36164736164736,3108,226441,11.224178075790405,44.09070063694268,20.277090072631836,296000.00000000006
0.2,4,3,6000000.0,0.4,376,0.9826876849112426,-1,-1,-1,115.52469959946596,2996,224429,11.387295722961426,44.09070063694268,20.277090072631836,285333.3333333334
0.2,4,3,3399999.9999999986,0.4,377,0.9828032544378699,-1,-1,-1,116.3010752688172,2976,224429,11.52411699295044,111.36164736164736,11.305736899375916,283428.5714285715
0.2,4,3,3399999.9999999986,0.4,378,0.9870562130177515,-1,-1,-1,154.5142857142857,2240,224429,11.666048765182495,111.36164736164736,11.305736899375916,213333.33333333334
0.2,4,3,3399999.9999999986,0.4,379,0.9851377588757396,-1,-1,-1,134.5692068429238,2572,226441,11.751294136047363,111.36164736164736,11.305736899375916,244952.38095238098
0.2,4,3,6000000.0,0.4,380,0.9849759615384616,-1,-1,-1,133.12,2600,228453,11.806502342224121,134.5692068429238,11.70867145061493,247619.04761904763
0.2,4,3,6000000.0,0.4,381,0.9883737056213018,-1,-1,-1,172.02385685884693,2012,224429,11.862797737121582,134.5692068429238,11.70867145061493,191619.04761904763
0.2,4,3,6000000.0,0.4,382,0.9861894415680473,-1,-1,-1,144.81673640167364,2390,224429,12.047395706176758,134.5692068429238,11.70867145061493,227619.04761904763
0.2,4,3,6000000.0,0.4,383,0.9845599112426036,-1,-1,-1,129.53293413173654,2672,224429,12.092950344085693,134.5692068429238,11.70867145061493,254476.1904761905
0.2,4,3,6000000.0,0.4,384,0.9884199334319527,-1,-1,-1,172.71057884231536,2004,228453,12.098262310028076,134.5692068429238,11.70867145061493,190857.14285714287
0.2,4,3,6000000.0,0.4,385,0.9845714681952663,-1,-1,-1,129.62996254681647,2670,224429,12.176471948623657,134.5692068429238,11.70867145061493,254285.71428571432
0.2,4,3,6000000.0,0.4,386,0.9810350406804734,-1,-1,-1,105.4576477757465,3282,226441,12.183043956756592,134.5692068429238,11.70867145061493,312571.4285714286
0.2,4,3,6000000.0,0.4,387,0.9877727440828402,-1,-1,-1,163.56899810964083,2116,224429,12.276891469955444,134.5692068429238,11.70867145061493,201523.80952380956
0.2,4,3,6000000.0,0.4,388,0.9798909023668639,-1,-1,-1,99.45747126436781,3480,226441,12.233953475952148,134.5692068429238,11.70867145061493,331428.5714285715
0.2,4,3,6000000.0,0.4,389,0.9848026072485208,-1,-1,-1,131.60152091254753,2630,226441,12.487403154373169,134.5692068429238,11.70867145061493,250476.1904761905
0.2,4,3,6000000.0,0.4,390,0.9887435281065089,-1,-1,-1,177.67556468172484,1948,220405,12.556456327438354,134.5692068429238,11.70867145061493,185523.80952380956
0.2,4,3,6000000.0,0.4,391,0.9878074149408284,-1,-1,-1,164.0341232227488,2110,224429,12.626675367355347,134.5692068429238,11.70867145061493,200952.38095238098
0.2,4,3,6000000.0,0.4,392,0.9873335798816568,-1,-1,-1,157.8978102189781,2192,222417,12.645643949508667,134.5692068429238,11.70867145061493,208761.9047619048
0.2,4,3,6000000.0,0.4,393,0.9908122226331361,-1,-1,-1,217.6805031446541,1590,226441,12.696090936660767,134.5692068429238,11.70867145061493,151428.57142857145
0.2,4,3,6000000.0,0.4,394,0.9883505917159763,-1,-1,-1,171.68253968253967,2016,226441,12.741506099700928,134.5692068429238,11.70867145061493,192000.00000000003
0.2,4,3,6000000.0,0.4,395,0.9881194526627219,-1,-1,-1,168.34241245136187,2056,226441,12.778253555297852,134.5692068429238,11.70867145061493,195809.52380952382
0.2,4,3,6000000.0,0.4,396,0.9911820451183432,-1,-1,-1,226.80996068152032,1526,222417,12.837221622467041,134.5692068429238,11.70867145061493,145333.33333333334
0.2,4,3,6000000.0,0.4,397,0.9893444896449705,-1,-1,-1,187.69631236442515,1844,224429,12.873176336288452,134.5692068429238,11.70867145061493,175619.04761904763
0.2,4,3,6000000.0,0.4,398,0.9867672892011834,-1,-1,-1,151.1406113537118,2290,220405,12.873170375823975,134.5692068429238,11.70867145061493,218095.2380952381
0.2,4,3,6000000.0,0.4,399,0.9905232988165681,-1,-1,-1,211.04390243902438,1640,222417,12.932381629943848,134.5692068429238,11.70867145061493,156190.4761904762
0.2,4,3,6000000.0,0.4,400,0.9864783653846154,-1,-1,-1,147.9111111111111,2340,224429,12.976006269454956,134.5692068429238,11.70867145061493,222857.14285714287
0.2,4,3,6000000.0,0.4,401,0.9828957100591716,-1,-1,-1,116.92972972972973,2960,222417,12.97683596611023,134.5692068429238,11.70867145061493,281904.76190476195
0.2,4,3,6000000.0,0.4,402,0.9871371116863905,-1,-1,-1,155.48607367475293,2226,226441,13.089441061019897,134.5692068429238,11.70867145061493,212000.00000000003
0.2,4,3,6000000.0,0.4,403,0.9808154585798816,-1,-1,-1,104.25060240963856,3320,224429,13.087140321731567,134.5692068429238,11.70867145061493,316190.4761904762
0.2,4,3,6000000.0,0.4,404,0.9860276442307693,-1,-1,-1,143.13978494623655,2418,226441,13.236547708511353,134.5692068429238,11.70867145061493,230285.71428571432
0.2,4,3,6000000.0,0.4,405,0.990442400147929,-1,-1,-1,209.25755743651754,1654,222417,13.324123620986938,134.5692068429238,11.70867145061493,157523.80952380953
0.2,4,3,6000000.0,0.4,406,0.9889515532544378,-1,-1,-1,181.02092050209205,1912,226441,13.463001251220703,134.5692068429238,11.70867145061493,182095.2380952381
0.2,4,3,6000000.0,0.4,407,0.98828125,-1,-1,-1,170.66666666666666,2028,226441,13.535215854644775,134.5692068429238,11.70867145061493,193142.85714285716
0.2,4,3,6000000.0,0.4,408,0.9917136649408284,-1,-1,-1,241.36122733612274,1434,224429,13.736445903778076,134.5692068429238,11.70867145061493,136571.42857142858
0.2,4,3,6000000.0,0.4,409,0.9893676035502958,-1,-1,-1,188.10434782608695,1840,222417,13.811942338943481,134.5692068429238,11.70867145061493,175238.09523809527
0.2,4,3,6000000.0,0.4,410,0.9891826923076923,-1,-1,-1,184.88888888888889,1872,228453,13.895243406295776,134.5692068429238,11.70867145061493,178285.7142857143
0.2,4,3,6000000.0,0.4,411,0.9923839681952663,-1,-1,-1,262.6039453717754,1318,222417,13.950972557067871,134.5692068429238,11.70867145061493,125523.80952380954
0.2,4,3,6000000.0,0.4,412,0.9896911982248521,-1,-1,-1,194.00896860986546,1784,222417,13.976213932037354,134.5692068429238,11.70867145061493,169904.76190476192
0.2,4,3,6000000.0,0.4,413,0.9872064534023669,-1,-1,-1,156.32881662149956,2214,226441,13.993337154388428,134.5692068429238,11.70867145061493,210857.14285714287
0.2,4,3,6000000.0,0.4,414,0.9912976146449705,-1,-1,-1,229.82204515272244,1506,222417,14.107581377029419,134.5692068429238,11.70867145061493,143428.57142857145
0.2,4,3,6000000.0,0.4,415,0.9869406434911243,-1,-1,-1,153.14690265486726,2260,224429,14.1605544090271,134.5692068429238,11.70867145061493,215238.09523809527
0.2,4,3,6000000.0,0.4,416,0.9833117603550295,-1,-1,-1,119.8448753462604,2888,222417,14.12290096282959,134.5692068429238,11.70867145061493,275047.61904761905
0.2,4,3,6000000.0,0.4,417,0.987368250739645,-1,-1,-1,158.33119853613906,2186,226441,14.035998582839966,134.5692068429238,11.70867145061493,208190.4761904762
0.2,4,3,6000000.0,0.4,418,0.980387851331361,-1,-1,-1,101.97760754272245,3394,224429,13.854446411132812,134.5692068429238,11.70867145061493,323238.09523809527
0.2,4,3,6000000.0,0.4,419,0.9852302144970414,-1,-1,-1,135.41158059467918,2556,226441,14.00475025177002,134.5692068429238,11.70867145061493,243428.57142857145
0.2,4,3,6000000.0,0.4,420,0.9901188054733728,-1,-1,-1,202.4046783625731,1710,228453,13.929201364517212,134.5692068429238,11.70867145061493,162857.14285714287
0.2,4,3,6000000.0,0.4,421,0.9885355029585798,-1,-1,-1,174.4516129032258,1984,228453,13.869733810424805,134.5692068429238,11.70867145061493,188952.38095238098
0.2,4,3,6000000.0,0.4,422,0.9883274778106509,-1,-1,-1,171.34257425742575,2020,224429,13.930563926696777,134.5692068429238,11.70867145061493,192380.9523809524
0.2,4,3,6000000.0,0.4,423,0.9916558801775148,-1,-1,-1,239.6897506925208,1444,224429,14.069393873214722,134.5692068429238,11.70867145061493,137523.80952380953
0.2,4,3,6000000.0,0.4,424,0.9890208949704142,-1,-1,-1,182.1642105263158,1900,224429,14.1988205909729,134.5692068429238,11.70867145061493,180952.38095238098
0.2,4,3,6000000.0,0.4,425,0.9892982618343196,-1,-1,-1,186.88552915766738,1852,222417,14.241821765899658,134.5692068429238,11.70867145061493,176380.9523809524
0.2,4,3,6000000.0,0.4,426,0.9924417529585798,-1,-1,-1,264.61162079510706,1308,224429,14.237029552459717,134.5692068429238,11.70867145061493,124571.42857142858
0.2,4,3,6000000.0,0.4,427,0.9894716161242604,-1,-1,-1,189.96267837541163,1822,222417,14.175963401794434,134.5692068429238,11.70867145061493,173523.80952380956
0.2,4,3,6000000.0,0.4,428,0.9871486686390533,-1,-1,-1,155.62589928057554,2224,226441,14.197450876235962,134.5692068429238,11.70867145061493,211809.52380952385
0.2,4,3,6000000.0,0.4,429,0.9906966531065089,-1,-1,-1,214.97639751552796,1610,224429,14.169209003448486,134.5692068429238,11.70867145061493,153333.33333333334
0.2,4,3,6000000.0,0.4,430,0.9868944156804734,-1,-1,-1,152.60670194003526,2268,220405,14.239448308944702,134.5692068429238,11.70867145061493,216000.00000000003
0.2,4,3,6000000.0,0.4,431,0.9772905880177515,-1,-1,-1,88.06921119592876,3930,220405,13.994600772857666,134.5692068429238,11.70867145061493,374285.7142857143
0.2,4,3,6000000.0,0.4,432,0.9808963572485208,-1,-1,-1,104.69207501512402,3306,226441,14.07955288887024,134.5692068429238,11.70867145061493,314857.1428571429
0.2,4,3,6000000.0,0.4,433,0.9840745192307693,-1,-1,-1,125.58490566037736,2756,226441,14.132139682769775,134.5692068429238,11.70867145061493,262476.19047619053
0.2,4,3,6000000.0,0.4,434,0.9871948964497042,-1,-1,-1,156.18772563176896,2216,226441,14.283922910690308,134.5692068429238,11.70867145061493,211047.61904761908
0.2,4,3,6000000.0,0.4,435,0.9911820451183432,-1,-1,-1,226.80996068152032,1526,220405,14.40272569656372,134.5692068429238,11.70867145061493,145333.33333333334
0.2,4,3,6000000.0,0.4,436,0.9889977810650887,-1,-1,-1,181.78151260504202,1904,216381,14.463422298431396,134.5692068429238,11.70867145061493,181333.33333333334
0.2,4,3,6000000.0,0.4,437,0.9883043639053254,-1,-1,-1,171.00395256916997,2024,224429,14.477393627166748,134.5692068429238,11.70867145061493,192761.9047619048
0.2,4,3,6000000.0,0.4,438,0.9915980954142012,-1,-1,-1,238.04126547455294,1454,220405,14.46079134941101,134.5692068429238,11.70867145061493,138476.1904761905
0.2,4,3,6000000.0,0.4,439,0.989529400887574,-1,-1,-1,191.01103752759383,1812,216381,14.490129947662354,134.5692068429238,11.70867145061493,172571.42857142858
0.2,4,3,6000000.0,0.4,440,0.9892867048816568,-1,-1,-1,186.6839266450917,1854,222417,14.57118272781372,134.5692068429238,11.70867145061493,176571.42857142858
0.2,4,3,6000000.0,0.4,441,0.9920372596153846,-1,-1,-1,251.16981132075472,1378,222417,14.569201469421387,134.5692068429238,11.70867145061493,131238.09523809527
0.2,4,3,6000000.0,0.4,442,0.9896218565088757,-1,-1,-1,192.71269487750556,1796,222417,14.46382999420166,134.5692068429238,11.70867145061493,171047.61904761905
0.2,4,3,6000000.0,0.4,443,0.9876802884615384,-1,-1,-1,162.34146341463415,2132,224429,14.419910907745361,134.5692068429238,11.70867145061493,203047.61904761908
0.2,4,3,6000000.0,0.4,444,0.9910433616863905,-1,-1,-1,223.29806451612905,1550,226441,14.437035322189331,134.5692068429238,11.70867145061493,147619.04761904763
0.2,4,3,6000000.0,0.4,445,0.9869290865384616,-1,-1,-1,153.01149425287358,2262,222417,14.424372911453247,134.5692068429238,11.70867145061493,215428.57142857145
0.2,4,3,6000000.0,0.4,446,0.9820289386094675,-1,-1,-1,111.29003215434084,3110,226441,14.363670349121094,134.5692068429238,11.70867145061493,296190.4761904762
0.2,4,3,6000000.0,0.4,447,0.9883737056213018,-1,-1,-1,172.02385685884693,2012,224429,14.34768557548523,134.5692068429238,11.70867145061493,191619.04761904763
0.2,4,3,6000000.0,0.4,448,0.9797522189349113,-1,-1,-1,98.77625570776256,3504,222417,14.215264320373535,134.5692068429238,11.70867145061493,333714.28571428574
0.2,4,3,6000000.0,0.4,449,0.984455898668639,-1,-1,-1,128.66617100371747,2690,226441,14.284623861312866,134.5692068429238,11.70867145061493,256190.4761904762
0.2,4,3,6000000.0,0.4,450,0.9854844674556213,-1,-1,-1,137.78343949044586,2512,226441,14.048701524734497,134.5692068429238,11.70867145061493,239238.09523809527
