pruning_thresh,quality,technique,bandwidth,mAP_drop,frame_id,sparsity,decomposability,regularity,pictoriality,compression_ratio,datasize_est,datasize_real,reconstruct_snr,target_cmp,target_snr
0,100,1,8351070.0,0.25,1,0.0,-1,-1,-1,4.513719353155973,76680,77424,24.558444023132324,-1,-1
0,90,1,12847800.0,0.25,2,1.1556952662721893e-05,-1,-1,-1,49.024362606232295,7060,7804,21.710505485534668,-1,-1
0,80,1,12847800.0,0.25,3,0.0,-1,-1,-1,93.67036535859269,3695,4439,17.813875675201416,-1,-1
0,70,1,20663545.0,0.25,4,0.0,-1,-1,-1,88.24885262621112,3922,4666,16.082438230514526,-1,-1
0,60,1,20663545.0,0.25,5,0.0,-1,-1,-1,109.52911392405063,3160,3904,14.284831285476685,-1,-1
0,50,1,20663545.0,0.25,6,0.0,-1,-1,-1,126.27216344399854,2741,3485,13.084499835968018,-1,-1
0.05,100,1,20663545.0,0.25,7,0.5400332840236687,-1,-1,-1,8.301242384995444,41694,42438,24.114489555358887,-1,-1
0.05,90,1,32976020.0,0.25,8,0.5644300110946746,-1,-1,-1,52.64060836501901,6575,7319,20.211734771728516,-1,-1
0.05,80,1,32976020.0,0.25,9,0.530545025887574,-1,-1,-1,98.55125284738041,3512,4256,16.819242238998413,-1,-1
0.05,70,1,32976020.0,0.25,10,0.5380570451183432,-1,-1,-1,98.29934677648396,3521,4265,15.25073766708374,-1,-1
0.05,60,1,32976020.0,0.25,11,0.5509083764792899,-1,-1,-1,121.23012259194395,2855,3599,13.283734321594238,-1,-1
0.05,50,1,48072185.0,0.25,12,0.41932091346153844,-1,-1,-1,134.3081102056655,2577,3321,12.373554706573486,-1,-1
0.1,100,1,48072185.0,0.25,13,0.7961006841715976,-1,-1,-1,8.804904729196876,39309,40053,16.733505725860596,-1,-1
0.1,90,1,48072185.0,0.25,14,0.7539524778106509,-1,-1,-1,46.74662344678552,7404,8148,16.903057098388672,-1,-1
0.1,80,1,48072185.0,0.25,15,0.7565527921597633,-1,-1,-1,73.81360631264661,4689,5433,15.511105060577393,-1,-1
0.1,70,1,48072185.0,0.25,16,0.7612333579881657,-1,-1,-1,88.22635737955646,3923,4667,13.956491947174072,-1,-1
0.1,60,1,48072185.0,0.25,17,0.7636025332840237,-1,-1,-1,110.22675159235669,3140,3884,12.570210695266724,-1,-1
0.1,50,1,48072185.0,0.25,18,0.7568879437869822,-1,-1,-1,154.58329611433675,2239,2983,11.131397485733032,-1,-1
0.15,100,1,48072185.0,0.25,19,0.9102255917159763,-1,-1,-1,9.000208029956314,38456,39200,12.780903577804565,-1,-1
0.15,90,1,48072185.0,0.25,20,0.9087809726331361,-1,-1,-1,39.11312012656797,8849,9593,12.67979621887207,-1,-1
0.15,80,1,48072185.0,0.25,21,0.9132766272189349,-1,-1,-1,71.55509613396734,4837,5581,11.91158652305603,-1,-1
0.15,70,1,48072185.0,0.25,22,0.9136811205621301,-1,-1,-1,99.71535580524345,3471,4215,10.98694920539856,-1,-1
0.15,60,1,48072185.0,0.25,23,0.9131841715976331,-1,-1,-1,126.08816029143898,2745,3489,9.93637502193451,-1,-1
0.15,50,1,32976020.0,0.25,24,0.9144323224852071,-1,-1,-1,132.81350729086722,2606,3350,9.083395004272461,-1,-1
0.2,100,1,32976020.0,0.25,25,0.9719743897928994,-1,-1,-1,12.75095785440613,27144,27888,9.36189889907837,-1,-1
0.2,90,1,32976020.0,0.25,26,0.9721130732248521,-1,-1,-1,62.35128805620609,5551,6295,9.130625128746033,-1,-1
0.2,80,1,32976020.0,0.25,27,0.9739621856508875,-1,-1,-1,111.46924315619968,3105,3849,8.754065036773682,-1,-1
0.2,70,1,20663545.0,0.25,28,0.96875,-1,-1,-1,130.55903432666918,2651,3395,8.217391967773438,-1,-1
0.2,60,1,20663545.0,0.25,29,0.9684495192307693,-1,-1,-1,142.49156031288595,2429,3173,7.645878791809082,-1,-1
0.2,50,1,20663545.0,0.25,30,0.9734536797337278,-1,-1,-1,172.28073668491788,2009,2753,7.159140706062317,-1,-1
0.25,100,1,12847800.0,0.25,31,0.9935974482248521,-1,-1,-1,28.503005846990035,12143,12887,7.156679034233093,-1,-1
0.25,90,1,12847800.0,0.25,32,0.9957932692307693,-1,-1,-1,108.12621055920025,3201,3945,6.891538500785828,-1,-1
0.25,80,1,12847800.0,0.25,33,0.9957354844674556,-1,-1,-1,135.2,2560,3304,6.67496383190155,-1,-1
0.25,70,1,8351070.0,0.25,34,0.9947069156804734,-1,-1,-1,180.4546402502607,1918,2662,6.397563219070435,-1,-1
0.25,60,1,12847800.0,0.25,35,0.9944642196745562,-1,-1,-1,188.51416122004358,1836,2580,5.882774591445923,-1,-1
0.25,50,1,12847800.0,0.25,36,0.9959319526627219,-1,-1,-1,202.9982404692082,1705,2449,5.36190390586853,-1,-1
0,100,1,12847800.0,0.25,37,0.0,-1,-1,-1,6.665228778308427,51928,52672,31.22715473175049,-1,-1
0,90,1,20663545.0,0.25,38,0.0,-1,-1,-1,37.40942498919153,9252,9996,19.54467535018921,-1,-1
0,80,1,20663545.0,0.25,39,0.0,-1,-1,-1,60.10976033344912,5758,6502,15.800105333328247,-1,-1
0,70,1,20663545.0,0.25,40,0.0,-1,-1,-1,72.6973324931737,4761,5505,13.582268953323364,-1,-1
0,60,1,32976020.0,0.25,41,0.0,-1,-1,-1,86.65798698047071,3994,4738,11.444463729858398,-1,-1
0,50,1,32976020.0,0.25,42,0.0,-1,-1,-1,146.71979652395083,2359,3103,9.904277324676514,-1,-1
0.05,100,1,32976020.0,0.25,43,0.5107479659763313,-1,-1,-1,7.534492892439646,45937,46681,21.36587619781494,-1,-1
0.05,90,1,32976020.0,0.25,44,0.49669471153846156,-1,-1,-1,33.56074856976631,10313,11057,19.585306644439697,-1,-1
0.05,80,1,48072185.0,0.25,45,0.47152366863905326,-1,-1,-1,59.30637422892392,5836,6580,16.179040670394897,-1,-1
0.05,70,1,48072185.0,0.25,46,0.4712116309171598,-1,-1,-1,80.50988602000466,4299,5043,13.557379245758057,-1,-1
0.05,60,1,48072185.0,0.25,47,0.4748751849112426,-1,-1,-1,134.6739299610895,2570,3314,11.300402879714966,-1,-1
0.05,50,1,48072185.0,0.25,48,0.36393999630177515,-1,-1,-1,104.75544794188862,3304,4048,10.912408828735352,-1,-1
0.1,100,1,48072185.0,0.25,49,0.7702015532544378,-1,-1,-1,8.247634933873465,41965,42709,15.472917556762695,-1,-1
0.1,90,1,48072185.0,0.25,50,0.751745099852071,-1,-1,-1,39.24617303549155,8819,9563,15.35539984703064,-1,-1
0.1,80,1,48072185.0,0.25,51,0.7591068786982249,-1,-1,-1,57.868583848854705,5981,6725,14.460151195526123,-1,-1
0.1,70,1,48072185.0,0.25,52,0.7658676960059172,-1,-1,-1,80.92401215805471,4277,5021,12.85407304763794,-1,-1
0.1,60,1,48072185.0,0.25,53,0.7704673631656804,-1,-1,-1,97.68896415467118,3543,4287,11.529425382614136,-1,-1
0.1,50,1,48072185.0,0.25,54,0.7697855029585798,-1,-1,-1,101.08411214953271,3424,4168,9.779187440872192,-1,-1
0.15,100,1,48072185.0,0.25,55,0.9097517566568047,-1,-1,-1,8.587960895240931,40302,41046,10.206406116485596,-1,-1
0.15,90,1,48072185.0,0.25,56,0.9054410133136095,-1,-1,-1,32.41356059187114,10678,11422,10.097976922988892,-1,-1
0.15,80,1,32976020.0,0.25,57,0.9083533653846154,-1,-1,-1,54.07155132010623,6401,7145,9.980232119560242,-1,-1
0.15,70,1,32976020.0,0.25,58,0.9099944526627219,-1,-1,-1,71.89696717906108,4814,5558,8.428603410720825,-1,-1
0.15,60,1,32976020.0,0.25,59,0.9116586538461539,-1,-1,-1,92.27192748600373,3751,4495,8.089220523834229,-1,-1
0.15,50,1,32976020.0,0.25,60,0.9160040680473372,-1,-1,-1,102.82590612002377,3366,4110,8.091320395469666,-1,-1
0.2,100,1,20663545.0,0.25,61,0.9755801590236687,-1,-1,-1,11.981583411223042,28887,29631,8.428527116775513,-1,-1
0.2,90,1,20663545.0,0.25,62,0.9793130547337278,-1,-1,-1,57.029494150601415,6069,6813,8.385083675384521,-1,-1
0.2,80,1,20663545.0,0.25,63,0.9814164201183432,-1,-1,-1,88.61034306195596,3906,4650,8.25814962387085,-1,-1
0.2,70,1,20663545.0,0.25,64,0.983462000739645,-1,-1,-1,122.73475177304965,2820,3564,8.08573842048645,-1,-1
0.2,60,1,12847800.0,0.25,65,0.9826645710059172,-1,-1,-1,153.89595375722544,2249,2993,7.7411311864852905,-1,-1
0.2,50,1,12847800.0,0.25,66,0.9846176960059172,-1,-1,-1,169.0,2048,2792,7.411223649978638,-1,-1
0.25,100,1,8351070.0,0.25,67,0.9983357988165681,-1,-1,-1,59.144224196855774,5852,6596,7.326558828353882,-1,-1
0.25,90,1,8351070.0,0.25,68,0.9984975961538461,-1,-1,-1,129.6785312851255,2669,3413,7.2349220514297485,-1,-1
0.25,80,1,8351070.0,0.25,69,0.9982317862426036,-1,-1,-1,154.9986565158979,2233,2977,7.142699956893921,-1,-1
0.25,70,1,8351070.0,0.25,70,0.9982780140532544,-1,-1,-1,179.2397721387882,1931,2675,6.956877708435059,-1,-1
0.25,60,1,8351070.0,0.25,71,0.9977232803254438,-1,-1,-1,210.2746051032807,1646,2390,6.581016778945923,-1,-1
0.25,50,1,12847800.0,0.25,72,0.9981624445266272,-1,-1,-1,200.2962962962963,1728,2472,6.235262155532837,-1,-1
0,100,1,12847800.0,0.25,73,0.0,-1,-1,-1,5.9270827981847765,58395,59139,34.00215148925781,-1,-1
0,90,1,20663545.0,0.25,74,0.0,-1,-1,-1,42.49901768172888,8144,8888,22.184536457061768,-1,-1
0,80,1,20663545.0,0.25,75,0.0,-1,-1,-1,64.0236773954865,5406,6150,16.589083671569824,-1,-1
0,70,1,20663545.0,0.25,76,0.0,-1,-1,-1,65.40287226001512,5292,6036,15.569113492965698,-1,-1
0,60,1,20663545.0,0.25,77,0.0,-1,-1,-1,75.22538578569876,4601,5345,14.81128454208374,-1,-1
0,50,1,32976020.0,0.25,78,0.0,-1,-1,-1,136.1573564122738,2542,3286,13.118966817855835,-1,-1
0.05,100,1,32976020.0,0.25,79,0.5113720414201184,-1,-1,-1,7.535805264647609,45929,46673,23.072898387908936,-1,-1
0.05,90,1,32976020.0,0.25,80,0.5290310650887574,-1,-1,-1,33.16837565884044,10435,11179,18.12090277671814,-1,-1
0.05,80,1,32976020.0,0.25,81,0.4773599297337278,-1,-1,-1,57.84923951195053,5983,6727,17.176512479782104,-1,-1
0.05,70,1,48072185.0,0.25,82,0.5591947115384616,-1,-1,-1,70.57748776508973,4904,5648,10.680080652236938,-1,-1
0.05,60,1,48072185.0,0.25,83,0.5271241678994083,-1,-1,-1,48.63172685120135,7117,7861,12.892991304397583,-1,-1
0.05,50,1,48072185.0,0.25,84,0.48138174926035504,-1,-1,-1,99.11569301260023,3492,4236,12.763286828994751,-1,-1
0.1,100,1,48072185.0,0.25,85,0.7752288276627219,-1,-1,-1,6.221567111862091,55631,56375,18.223365545272827,-1,-1
0.1,90,1,48072185.0,0.25,86,0.7791466346153846,-1,-1,-1,34.0460358056266,10166,10910,14.671894311904907,-1,-1
0.1,80,1,48072185.0,0.25,87,0.7664224297337278,-1,-1,-1,36.89893390191898,9380,10124,16.08664870262146,-1,-1
0.1,70,1,48072185.0,0.25,88,0.7692654400887574,-1,-1,-1,136.69510268562402,2532,3276,13.515522480010986,-1,-1
0.1,60,1,48072185.0,0.25,89,0.7619498890532544,-1,-1,-1,82.25095057034221,4208,4952,14.000928401947021,-1,-1
0.1,50,1,48072185.0,0.25,90,0.7530163646449705,-1,-1,-1,89.0663921770458,3886,4630,14.190888404846191,-1,-1
0.15,100,1,48072185.0,0.25,91,0.9156573594674556,-1,-1,-1,7.265307836016709,47639,48383,15.990991592407227,-1,-1
0.15,90,1,48072185.0,0.25,92,0.9108843380177515,-1,-1,-1,23.41125541125541,14784,15528,16.645841598510742,-1,-1
0.15,80,1,48072185.0,0.25,93,0.9166512573964497,-1,-1,-1,51.89085457271364,6670,7414,16.712558269500732,-1,-1
0.15,70,1,32976020.0,0.25,94,0.920002773668639,-1,-1,-1,68.59135949266746,5046,5790,16.49613857269287,-1,-1
0.15,60,1,32976020.0,0.25,95,0.9209157729289941,-1,-1,-1,104.75544794188862,3304,4048,15.208759307861328,-1,-1
0.15,50,1,32976020.0,0.25,96,0.9191591161242604,-1,-1,-1,161.43283582089552,2144,2888,12.560073137283325,-1,-1
0.2,100,1,32976020.0,0.25,97,0.9739275147928994,-1,-1,-1,13.202822811367538,26215,26959,12.371571063995361,-1,-1
0.2,90,1,20663545.0,0.25,98,0.9765162721893491,-1,-1,-1,58.952818940555275,5871,6615,12.311350107192993,-1,-1
0.2,80,1,20663545.0,0.25,99,0.9806652181952663,-1,-1,-1,92.76655052264809,3731,4475,12.642648220062256,-1,-1
0.2,70,1,20663545.0,0.25,100,0.9814857618343196,-1,-1,-1,113.10849673202614,3060,3804,12.726099491119385,-1,-1
0.2,60,1,12847800.0,0.25,101,0.9821791789940828,-1,-1,-1,152.33802816901408,2272,3016,12.641838788986206,-1,-1
0.2,50,1,12847800.0,0.25,102,0.9809772559171598,-1,-1,-1,179.4256091238984,1929,2673,12.290165424346924,-1,-1
0.25,100,1,12847800.0,0.25,103,0.9958510539940828,-1,-1,-1,35.084845413076536,9865,10609,12.052603960037231,-1,-1
0.25,90,1,8351070.0,0.25,104,0.996301775147929,-1,-1,-1,109.94663278271919,3148,3892,12.020227909088135,-1,-1
0.25,80,1,12847800.0,0.25,105,0.9976077107988166,-1,-1,-1,178.22451081359424,1942,2686,11.948974132537842,-1,-1
0.25,70,1,12847800.0,0.25,106,0.9948802699704142,-1,-1,-1,189.6504109589041,1825,2569,11.257925033569336,-1,-1
0.25,60,1,12847800.0,0.25,107,0.994764700443787,-1,-1,-1,198.45871559633028,1744,2488,10.752660036087036,-1,-1
0.0,54,1,20663545.0,0.25,108,0.0,-1,-1,-1,71.76280323450135,4823,5567,13.08821439743042,71.2963803754253,14.139292001724243
0.0,59,1,20663545.0,0.25,109,0.0,-1,-1,-1,55.351351351351354,6253,6997,14.316103458404541,87.57884614940097,14.357060194015503
0.03,61,1,20663545.0,0.25,110,0.28476331360946744,-1,-1,-1,57.49368770764119,6020,6764,14.653586149215698,67.97833037040328,14.094457070032755
0.05,98,1,32976020.0,0.25,111,0.45458117603550297,-1,-1,-1,8.083518228740921,42817,43561,25.23411512374878,102.52462933368678,14.198949337005615
0.02,60,1,32976020.0,0.25,112,0.2458394970414201,-1,-1,-1,100.00346720600983,3461,4205,20.982325077056885,67.47271846204495,14.311857144037884
0.0,60,1,32976020.0,0.25,113,0.0,-1,-1,-1,84.54127992183683,4094,4838,20.43436288833618,65.40287226001512,15.077940225601196
0.0,60,1,32976020.0,0.25,114,0.0,-1,-1,-1,79.97042513863217,4328,5072,20.0246524810791,65.40287226001512,16.711235841115315
0.0,60,1,48072185.0,0.25,115,0.0,-1,-1,-1,65.52669443392654,5282,6026,19.944748878479004,65.40287226001512,18.995267152786255
0.0,60,1,48072185.0,0.25,116,0.0,-1,-1,-1,75.88511291383469,4561,5305,19.27790880203247,79.97042513863217,20.480446815490723
0.0,60,1,48072185.0,0.25,117,0.0,-1,-1,-1,64.46489104116223,5369,6113,19.370676279067993,65.52669443392654,20.134588082631428
0.0,60,1,48072185.0,0.25,118,0.0,-1,-1,-1,75.34000870700915,4594,5338,18.89785885810852,65.52669443392654,19.749103387196858
0.0,60,1,48072185.0,0.25,119,0.0,-1,-1,-1,52.849595358069934,6549,7293,19.42621946334839,64.46489104116223,19.53111131985982
0.0,60,1,48072185.0,0.25,120,0.0,-1,-1,-1,113.18247220405493,3058,3802,18.666162490844727,64.46489104116223,19.182147979736328
0.0,70,1,48072185.0,0.25,121,0.0,-1,-1,-1,40.15686274509804,8619,9363,20.25416612625122,60.10976033344912,16.734354893366497
0.0,70,1,48072185.0,0.25,122,0.0,-1,-1,-1,63.94088305930168,5413,6157,19.545488357543945,60.10976033344912,17.018450498580933
0.04,61,1,48072185.0,0.25,123,0.3828240569526627,-1,-1,-1,92.12456747404845,3757,4501,18.831171989440918,60.78246242287672,14.04003501570586
0.14,61,1,48072185.0,0.25,124,0.891329974112426,-1,-1,-1,83.02038858239386,4169,4913,17.709704637527466,116.7479839476863,14.163159482062808
0.19,61,1,48072185.0,0.25,125,0.9612842085798816,-1,-1,-1,122.34429126899964,2829,3573,16.65530800819397,129.72057995171252,14.0181836847103
0.21,61,1,48072185.0,0.25,126,0.9775679548816568,-1,-1,-1,156.61176470588236,2210,2954,15.762474536895752,113.62552402989901,14.554002331362833
0.22,61,1,32976020.0,0.25,127,0.9782382581360947,-1,-1,-1,144.21333333333334,2400,3144,14.852722883224487,135.46716718297708,14.552130435903866
0.22,61,1,32976020.0,0.25,128,0.9790472448224852,-1,-1,-1,160.4598980064905,2157,2901,14.220176935195923,156.61176470588236,15.762474536895752
0.22,61,1,32976020.0,0.25,129,0.9803762943786982,-1,-1,-1,165.7624521072797,2088,2832,13.792724609375,144.21333333333334,15.459223985671997
0.22,61,1,32976020.0,0.25,130,0.9796713202662722,-1,-1,-1,159.05882352941177,2176,2920,13.443543910980225,144.21333333333334,14.945124785105387
0.21,61,1,20663545.0,0.25,131,0.9748867418639053,-1,-1,-1,140.1830700688538,2469,3213,13.267323970794678,122.34429126899964,16.65530800819397
0.21,61,1,20663545.0,0.25,132,0.9758344119822485,-1,-1,-1,151.73695747479175,2281,3025,12.934386730194092,122.34429126899964,15.58471997578939
0.21,61,1,20663545.0,0.25,133,0.9757766272189349,-1,-1,-1,159.27841693511274,2173,2917,12.728216648101807,122.34429126899964,14.45539196332296
0.2,61,1,20663545.0,0.25,134,0.9688540125739645,-1,-1,-1,132.66078957454963,2609,3353,12.661302089691162,111.60172932562386,15.462394754091896
0.22,61,1,12847800.0,0.25,135,0.9824912167159763,-1,-1,-1,172.79680479281078,2003,2747,12.417926788330078,144.21333333333334,14.288541475931803
0.14,61,1,12847800.0,0.25,136,0.8828702847633136,-1,-1,-1,75.55380921196246,4581,5325,13.097375631332397,92.12456747404845,18.831171989440918
0.14,61,1,8351070.0,0.25,137,0.8884754068047337,-1,-1,-1,78.501247448401,4409,5153,13.412724733352661,92.12456747404845,16.693423589070637
0.19,61,1,8351070.0,0.25,138,0.9661034578402367,-1,-1,-1,133.01767870868562,2602,3346,13.171803951263428,83.02038858239386,17.709704637527466
0.19,63,1,8351070.0,0.25,139,0.964508598372781,-1,-1,-1,128.18962962962962,2700,3444,12.913326025009155,79.11573587411355,14.98942479380855
0.15,64,1,8351070.0,0.25,140,0.9099135539940828,-1,-1,-1,76.05185673478357,4551,5295,12.932770252227783,113.49996851307156,14.093475278218587
0.19,62,1,8351070.0,0.25,141,0.9632142196745562,-1,-1,-1,109.14916430148219,3171,3915,12.66796350479126,105.75946307854332,14.72459097703298
0.11,65,1,12847800.0,0.25,142,0.7945520525147929,-1,-1,-1,48.899689177733826,7078,7822,14.07874584197998,104.5286816831915,14.167859961843899
0.08,66,1,12847800.0,0.25,143,0.6517890162721893,-1,-1,-1,39.999075465156594,8653,9397,16.057355403900146,90.16062521900353,14.135773484669034
0.19,61,1,20663545.0,0.25,144,0.962890625,-1,-1,-1,95.03349807797913,3642,4386,15.246964693069458,78.501247448401,16.277378002802532
0.14,61,1,20663545.0,0.25,145,0.8865685096153846,-1,-1,-1,89.94594594594595,3848,4592,14.791064262390137,75.55380921196246,14.782158136367796
0.12,61,1,20663545.0,0.25,146,0.8383182322485208,-1,-1,-1,145.1203354297694,2385,3129,10.892671346664429,73.2312239814303,14.779035568237305
0.12,61,1,20663545.0,0.25,147,0.8370238535502958,-1,-1,-1,88.51969309462916,3910,4654,11.382017135620117,89.94594594594595,14.791064262390137
0.11,61,1,32976020.0,0.25,148,0.8037051590236687,-1,-1,-1,87.42409699419045,3959,4703,11.427056789398193,86.69531308511542,14.248336007197697
0.08,61,1,32976020.0,0.25,149,0.6552445451183432,-1,-1,-1,87.60111364211592,3951,4695,11.679807901382446,77.9859173652031,14.880647659301761
0.06,61,1,32976020.0,0.25,150,0.5316429363905325,-1,-1,-1,55.86957223567393,6195,6939,12.911536693572998,75.68249002674607,15.48627257347107
0.05,61,1,32976020.0,0.25,151,0.4624167899408284,-1,-1,-1,56.832840722495895,6090,6834,13.435595035552979,75.77099835070878,15.612648129463203
0.07,98,1,48072185.0,0.25,152,0.6086122411242604,-1,-1,-1,8.162056361278152,42405,43149,21.685819625854492,65.83437905381689,14.081413940588632
0.04,61,1,48072185.0,0.25,153,0.40659670857988167,-1,-1,-1,111.72111039380245,3098,3842,18.69957208633423,63.94088305930168,19.54548835754394
0.05,70,1,48072185.0,0.25,154,0.45521680843195267,-1,-1,-1,81.92,4225,4969,17.97435998916626,57.84923951195053,16.724931796391804
0.05,70,1,48072185.0,0.25,155,0.45454650517751477,-1,-1,-1,88.81498588657942,3897,4641,16.90282106399536,57.84923951195053,17.35170841217041
0.05,70,1,48072185.0,0.25,156,0.4551705806213018,-1,-1,-1,79.5476901861641,4351,5095,16.436221599578857,57.84923951195053,17.950148185094196
0.05,70,1,48072185.0,0.25,157,0.45819850221893493,-1,-1,-1,92.29653333333333,3750,4494,15.759694576263428,81.92,17.858917713165283
0.05,70,1,48072185.0,0.25,158,0.46239367603550297,-1,-1,-1,73.375450498198,4717,5461,15.66871166229248,79.5476901861641,17.104467550913494
0.05,70,1,48072185.0,0.25,159,0.4607179178994083,-1,-1,-1,64.74223718668163,5346,6090,15.663067102432251,79.5476901861641,16.36624574661255
0.05,70,1,48072185.0,0.25,160,0.4668893306213018,-1,-1,-1,69.40284740324844,4987,5731,15.178123712539673,73.375450498198,15.954875946044922
0.05,71,1,48072185.0,0.25,161,0.4799602440828402,-1,-1,-1,62.61070911722142,5528,6272,14.894181489944458,61.584851033897515,16.058040142059326
0.08,71,1,48072185.0,0.25,162,0.6756541235207101,-1,-1,-1,47.15422343324251,7340,8084,15.41478157043457,78.86631345114918,14.191637304425239
0.1,71,1,48072185.0,0.25,163,0.7748358912721893,-1,-1,-1,65.39051577555261,5293,6037,14.378900527954102,70.8321105217742,14.153871627414928
0.05,71,1,32976020.0,0.25,164,0.45849898298816566,-1,-1,-1,44.7288705091755,7738,8482,15.398468971252441,69.40284740324844,15.178123712539673
0.05,71,1,32976020.0,0.25,165,0.4687962278106509,-1,-1,-1,109.08036558462024,3173,3917,14.296791553497314,65.39051577555261,14.911715984344482
0.13,71,1,32976020.0,0.25,166,0.8692446375739645,-1,-1,-1,90.03954214360041,3844,4588,13.335268497467041,64.22190295777801,14.052134788036346
0.13,71,1,32976020.0,0.25,167,0.8684240939349113,-1,-1,-1,66.30498084291187,5220,5964,12.998354434967041,109.08036558462024,14.296791553497314
0.13,73,1,20663545.0,0.25,168,0.8671643860946746,-1,-1,-1,57.743076409743075,5994,6738,12.995599508285522,76.1785700159123,14.013132589834708
0.12,71,1,20663545.0,0.25,169,0.8352440828402367,-1,-1,-1,83.42058327307785,4149,4893,12.45206594467163,75.74443590681443,14.45578310224745
0.08,71,1,20663545.0,0.25,170,0.6520201553254438,-1,-1,-1,49.352916013118495,7013,7757,13.376317024230957,62.61070911722142,14.894181489944458
0.11,74,1,12847800.0,0.25,171,0.8042945636094675,-1,-1,-1,73.45331069609507,4712,5456,12.680438756942749,61.81323961634626,14.21500597058273
0.05,70,1,12847800.0,0.25,172,0.44407590606508873,-1,-1,-1,73.35989826197542,4718,5462,12.651911973953247,64.74223718668163,15.697157780329386
0.05,70,1,12847800.0,0.25,173,0.45827940088757396,-1,-1,-1,50.39487478159581,6868,7612,13.50964903831482,64.74223718668163,14.67073917388916
0.15,61,1,8351070.0,0.25,174,0.9107687684911243,-1,-1,-1,84.52063492063492,4095,4839,12.400717735290527,68.4428624626013,14.015256881713867
0.04,70,1,12847800.0,0.25,175,0.37265393860946744,-1,-1,-1,44.92044127190136,7705,8449,13.769083023071289,59.825162298364916,14.632738908131918
0.08,71,1,12847800.0,0.25,176,0.669921875,-1,-1,-1,39.232827023350715,8822,9566,14.16132926940918,62.61070911722142,14.080142974853516
0.02,70,1,12847800.0,0.25,177,0.19147559171597633,-1,-1,-1,56.69320229320229,6105,6849,14.110597372055054,62.33874883286648,15.451927582422892
0.06,70,1,20663545.0,0.25,178,0.5424486871301775,-1,-1,-1,46.828845893654446,7391,8135,13.981571197509766,59.173576529729104,14.002638419469198
0.06,70,1,20663545.0,0.25,179,0.5311922152366864,-1,-1,-1,51.56615017878427,6712,7456,13.83075475692749,56.69320229320229,14.110597372055054
0.03,61,1,20663545.0,0.25,180,0.2839543269230769,-1,-1,-1,96.97730456710563,3569,4313,13.08340072631836,55.351351351351354,14.316103458404543
0.0,60,1,32976020.0,0.25,181,0.0,-1,-1,-1,92.3950880939669,3746,4490,12.504987716674805,52.849595358069934,19.231584866841633
0.0,60,1,32976020.0,0.25,182,0.0,-1,-1,-1,61.085774797034944,5666,6410,12.812048196792603,52.849595358069934,17.135826349258423
0.0,60,1,32976020.0,0.25,183,0.0,-1,-1,-1,69.38893344025662,4988,5732,12.684582471847534,52.849595358069934,15.004869302113852
0.05,98,1,32976020.0,0.25,184,0.45688100961538464,-1,-1,-1,7.567109031679748,45739,46483,24.310214519500732,57.49368770764119,14.653586149215698
0.0,63,1,48072185.0,0.25,185,0.0,-1,-1,-1,79.09323583180988,4376,5120,19.736653566360474,54.80710118145387,14.511043111483255
0.17,63,1,48072185.0,0.25,186,0.939788276627219,-1,-1,-1,114.87288416860272,3013,3757,16.163407564163208,119.81235558479028,14.344268221604196
0.13,64,1,48072185.0,0.25,187,0.8668176775147929,-1,-1,-1,98.10430839002268,3528,4272,14.66252326965332,113.48826269004043,14.087170864406385
0.14,64,1,48072185.0,0.25,188,0.8911912906804734,-1,-1,-1,90.46314688970205,3826,4570,13.557127714157104,121.53125689911619,14.53836679458618
0.13,64,1,48072185.0,0.25,189,0.8672568417159763,-1,-1,-1,94.33415099482147,3669,4413,12.895851135253906,114.87288416860272,16.163407564163208
0.18,63,1,48072185.0,0.25,190,0.9486293454142012,-1,-1,-1,116.61455525606469,2968,3712,11.926120519638062,106.05545727024773,16.454228758811954
0.14,64,1,48072185.0,0.25,191,0.8902782914201184,-1,-1,-1,70.66394446712944,4898,5642,11.58077597618103,98.10430839002268,14.66252326965332
0.13,64,1,48072185.0,0.25,192,0.8671181582840237,-1,-1,-1,86.5929447085314,3997,4741,11.376211643218994,90.46314688970205,15.294647614161173
0.09,65,1,48072185.0,0.25,193,0.73046875,-1,-1,-1,45.958305669897754,7531,8275,13.028243780136108,83.02198718179991,14.369588879977957
0.17,63,1,48072185.0,0.25,194,0.9392797707100592,-1,-1,-1,81.39981185324554,4252,4996,12.276787757873535,79.09323583180988,19.736653566360474
0.12,64,1,48072185.0,0.25,195,0.8329904770710059,-1,-1,-1,63.40208829455944,5459,6203,12.278211116790771,67.8893659263031,14.246646025601557
0.16,62,1,48072185.0,0.25,196,0.9273067677514792,-1,-1,-1,81.78449905482042,4232,4976,11.711158752441406,68.08296065543188,14.012684072766985
0.11,71,1,32976020.0,0.25,197,0.7978342270710059,-1,-1,-1,48.27897893709025,7169,7913,12.472848892211914,52.44864992149279,14.205190539360046
0.09,64,1,32976020.0,0.25,198,0.7104636649408284,-1,-1,-1,49.643144004589786,6972,7716,13.179810047149658,67.67189785998956,14.503357887268066
0.03,61,1,32976020.0,0.25,199,0.29299186390532544,-1,-1,-1,52.35395552866435,6611,7355,13.74112606048584,51.56615017878427,14.154320557912191
0.07,65,1,32976020.0,0.25,200,0.6220992048816568,-1,-1,-1,49.72159172532682,6961,7705,13.796902894973755,58.517972574268335,14.710588238456035
0.08,72,1,20663545.0,0.25,201,0.6702916974852071,-1,-1,-1,70.26228177019894,4926,5670,13.155049085617065,50.89357234326676,14.220320681730906
0.12,62,1,20663545.0,0.25,202,0.841715976331361,-1,-1,-1,76.86253608705307,4503,5247,12.404652833938599,53.80292642520091,14.144328133813268
0.1,62,1,20663545.0,0.25,203,0.7624930658284024,-1,-1,-1,74.01881950384944,4676,5420,12.068933248519897,62.327585531710525,14.27654169854664
0.06,62,1,20663545.0,0.25,204,0.528383875739645,-1,-1,-1,68.93288189603665,5021,5765,12.139267921447754,54.153166878150344,15.528526937260345
0.04,62,1,12847800.0,0.25,205,0.3870192307692308,-1,-1,-1,39.07337999548431,8858,9602,14.051904678344727,53.83495595464292,15.168467495176529
0.05,97,1,12847800.0,0.25,206,0.4807692307692308,-1,-1,-1,8.486465280502157,40784,41528,25.075321197509766,51.248788355741,15.103981147209804
0.1,70,1,8351070.0,0.25,207,0.7606208394970414,-1,-1,-1,88.33894844308321,3918,4662,19.841692447662354,51.248788355741,15.103981147209804
0.1,70,1,8351070.0,0.25,208,0.7853180473372781,-1,-1,-1,65.2918317298623,5301,6045,17.767189741134644,51.248788355741,15.103981147209804
0.1,70,1,8351070.0,0.25,209,0.7698086168639053,-1,-1,-1,65.80076045627376,5260,6004,17.236980199813843,51.248788355741,15.103981147209804
0.1,70,1,8351070.0,0.25,210,0.7652320636094675,-1,-1,-1,63.78768890527092,5426,6170,16.60439968109131,51.248788355741,15.103981147209804
0.1,70,1,8351070.0,0.25,211,0.7650933801775148,-1,-1,-1,54.72126482213439,6325,7069,16.337887048721313,51.248788355741,15.103981147209804
0.1,70,1,12847800.0,0.25,212,0.7632904955621301,-1,-1,-1,53.92832658148956,6418,7162,15.928709506988525,63.78768890527092,17.20285654067993
0.1,70,1,12847800.0,0.25,213,0.7613258136094675,-1,-1,-1,76.33700926334363,4534,5278,15.01035213470459,54.72126482213439,16.72642230987549
0.1,70,1,20663545.0,0.25,214,0.7627935465976331,-1,-1,-1,51.2151524119562,6758,7502,15.17723560333252,53.92832658148956,16.290332078933716
0.1,70,1,20663545.0,0.25,215,0.7617880917159763,-1,-1,-1,45.373885684320925,7628,8372,15.510398149490356,53.92832658148956,15.75898289680481
0.03,62,1,20663545.0,0.25,216,0.2777135724852071,-1,-1,-1,44.31651728553137,7810,8554,16.406220197677612,52.801779744875894,14.90071487426758
0.12,70,1,20663545.0,0.25,217,0.8394854844674556,-1,-1,-1,60.435131831674525,5727,6471,15.394222736358643,51.48543327625917,14.370509703954061
0.1,70,1,32976020.0,0.25,218,0.7605052699704142,-1,-1,-1,49.26861209964413,7025,7769,15.107136964797974,51.2151524119562,15.372099081675211
0.1,70,1,32976020.0,0.25,219,0.7585405880177515,-1,-1,-1,50.99631648740239,6787,7531,14.928420782089233,51.2151524119562,15.193936824798584
0.14,70,1,32976020.0,0.25,220,0.892497226331361,-1,-1,-1,50.90630975143404,6799,7543,14.432215690612793,49.366075476986225,14.047490490807427
0.14,70,1,32976020.0,0.25,221,0.8927514792899408,-1,-1,-1,51.64309161444345,6702,7446,13.956563472747803,50.99631648740239,14.928420782089233
0.11,68,1,48072185.0,0.25,222,0.7914547892011834,-1,-1,-1,51.154596511971626,6766,7510,14.061782360076904,49.90299946458393,14.4208824634552
0.1,68,1,48072185.0,0.25,223,0.7638683431952663,-1,-1,-1,44.169474221541606,7836,8580,14.057633876800537,50.62668937829666,14.290046067464917
0.1,68,1,48072185.0,0.25,224,0.7583672337278107,-1,-1,-1,57.88794112727881,5979,6723,13.766059875488281,51.154596511971626,14.061782360076904
0.14,70,1,48072185.0,0.25,225,0.8933524408284024,-1,-1,-1,54.249529780564266,6380,7124,13.308093547821045,50.90630975143404,14.76301908493042
0.14,70,1,48072185.0,0.25,226,0.8926474667159763,-1,-1,-1,65.30415094339622,5300,6044,12.850545644760132,50.90630975143404,14.375565449396769
0.1,70,1,48072185.0,0.25,227,0.7470414201183432,-1,-1,-1,46.02553191489362,7520,8264,13.304053544998169,49.26861209964413,15.226198434829712
0.1,70,1,48072185.0,0.25,228,0.7537791235207101,-1,-1,-1,37.3851803845323,9258,10002,14.10565972328186,49.26861209964413,14.450635115305582
0.04,60,1,48072185.0,0.25,229,0.3615939349112426,-1,-1,-1,34.708383473726435,9972,10716,15.580443143844604,49.74616458630679,17.186526722378204
0.09,73,1,48072185.0,0.25,230,0.7216854659763313,-1,-1,-1,40.99395949307118,8443,9187,15.251423120498657,48.54391339997895,14.015174825986227
0.11,73,1,48072185.0,0.25,231,0.7988512389053254,-1,-1,-1,46.29022335161161,7477,8221,14.8753023147583,50.50668215831915,14.289398789405823
0.02,61,1,48072185.0,0.25,232,0.18190643491124261,-1,-1,-1,48.32616587545378,7162,7906,15.066817998886108,52.034268161981885,14.028699927859837
0.08,66,1,48072185.0,0.25,233,0.6655302329881657,-1,-1,-1,41.710291636538926,8298,9042,15.021096467971802,48.899689177733826,14.07874584197998
0.16,61,1,32976020.0,0.25,234,0.9306582840236687,-1,-1,-1,81.34242068155112,4255,4999,13.977456092834473,47.795924952486004,14.063885509967804
0.1,75,1,32976020.0,0.25,235,0.7501271264792899,-1,-1,-1,44.11880178457616,7845,8589,14.17806625366211,46.65549262073881,14.36459441979726
0.09,75,1,32976020.0,0.25,236,0.7081985022189349,-1,-1,-1,40.068534382959015,8638,9382,14.340825080871582,77.08649300011048,14.562195976575216
0.1,77,1,32976020.0,0.25,237,0.7527158838757396,-1,-1,-1,30.596888260254598,11312,12056,15.210373401641846,62.42386673118131,14.643853823343914
0.08,66,1,20663545.0,0.25,238,0.6559032914201184,-1,-1,-1,44.584825454077034,7763,8507,14.903392791748047,48.32616587545378,14.408103227615356
0.1,76,1,20663545.0,0.25,239,0.7567954881656804,-1,-1,-1,33.661933475977435,10282,11026,15.243605375289917,60.70547753225507,14.159140586853027
0.12,73,1,20663545.0,0.25,240,0.8328864644970414,-1,-1,-1,37.67820596559982,9186,9930,15.120431184768677,53.649470167991524,14.12488877773285
0.11,76,1,12847800.0,0.25,241,0.7908307137573964,-1,-1,-1,37.26843975449553,9287,10031,15.133697986602783,58.62294318841167,14.243954340616863
0.13,76,1,12847800.0,0.25,242,0.865026349852071,-1,-1,-1,41.361376673040155,8368,9112,14.909205436706543,50.71225049720181,14.01231470108032
0.11,75,1,12847800.0,0.25,243,0.7873289571005917,-1,-1,-1,35.20976602238047,9830,10574,15.153559446334839,62.32654928267908,14.116231799125671
0.1,70,1,8351070.0,0.25,244,0.7439094859467456,-1,-1,-1,42.79856559910968,8087,8831,15.041391849517822,62.32654928267908,14.116231799125671
0.15,76,1,12847800.0,0.25,245,0.9162698779585798,-1,-1,-1,60.151546750086894,5754,6498,14.305559396743774,50.882987517999624,14.055563224686518
0.1,67,1,12847800.0,0.25,246,0.7371371116863905,-1,-1,-1,71.2898043254377,4855,5599,13.927876949310303,51.017254128273706,14.08963534567091
0.1,67,1,12847800.0,0.25,247,0.7445913461538461,-1,-1,-1,60.742716742716745,5698,6442,13.73559832572937,60.151546750086894,14.305559396743774
0.1,67,1,20663545.0,0.25,248,0.7466138128698225,-1,-1,-1,50.734681911462914,6822,7566,13.725742101669312,60.151546750086894,14.179665247599283
0.09,67,1,20663545.0,0.25,249,0.6903083394970414,-1,-1,-1,42.55126628964839,8134,8878,14.196606874465942,53.360380532931536,14.420950834949812
0.16,75,1,20663545.0,0.25,250,0.9328425480769231,-1,-1,-1,48.265513875331195,7171,7915,13.735864162445068,56.037442574815884,14.078660602607423
0.12,69,1,32976020.0,0.25,251,0.8331753883136095,-1,-1,-1,47.984472480244,7213,7957,13.31666111946106,49.62725256646307,14.538700878620148
0.09,66,1,32976020.0,0.25,252,0.689534023668639,-1,-1,-1,41.24800381360982,8391,9135,13.76192331314087,52.218275166466555,14.202715794245403
0.16,76,1,32976020.0,0.25,253,0.9322415865384616,-1,-1,-1,46.835182679296345,7390,8134,13.463761806488037,47.394169007841505,14.348179783139908
0.1,71,1,32976020.0,0.25,254,0.7371139977810651,-1,-1,-1,39.58732700446071,8743,9487,13.871666193008423,47.15422343324251,15.41478157043457
0.11,69,1,48072185.0,0.25,255,0.7914201183431953,-1,-1,-1,55.55569823434992,6230,6974,13.499701023101807,47.393750247900996,14.099564779372441
0.1,71,1,48072185.0,0.25,256,0.7407891087278107,-1,-1,-1,45.53506117616103,7601,8345,13.613654375076294,46.835182679296345,14.764441649119059
0.1,71,1,48072185.0,0.25,257,0.7448918269230769,-1,-1,-1,51.673932517169305,6698,7442,13.436036109924316,46.835182679296345,14.126081466674805
0.06,68,1,48072185.0,0.25,258,0.48260678624260356,-1,-1,-1,42.99527950310559,8050,8794,14.07395601272583,47.20874218934129,15.318207210964626
0.05,68,1,48072185.0,0.25,259,0.44023899778106507,-1,-1,-1,35.6779713431605,9701,10445,14.817698001861572,48.202527854518465,14.557080477003066
0.06,66,1,48072185.0,0.25,260,0.5235877403846154,-1,-1,-1,43.978653113087674,7870,8614,14.768682718276978,47.1933582995838,14.283708381652835
0.06,70,1,48072185.0,0.25,261,0.5139145710059172,-1,-1,-1,41.93771961710893,8253,8997,14.853982925415039,46.828845893654446,14.067588647206625
0.17,63,1,48072185.0,0.25,262,0.9447693232248521,-1,-1,-1,84.21216545012166,4110,4854,13.953289985656738,45.958305669897754,17.50051697095235
0.07,71,1,48072185.0,0.25,263,0.5773391272189349,-1,-1,-1,35.11332048290555,9857,10601,14.803985357284546,44.85658435099274,14.131794903013441
0.1,76,1,48072185.0,0.25,264,0.7526465421597633,-1,-1,-1,42.13171028606208,8215,8959,14.549475908279419,44.584825454077034,14.903392791748047
0.06,71,1,48072185.0,0.25,265,0.4998844304733728,-1,-1,-1,51.78991470896304,6683,7427,14.377907514572144,64.47051797964856,14.469227194786072
0.07,67,1,48072185.0,0.25,266,0.5845044378698225,-1,-1,-1,47.898145585386104,7226,7970,14.219697713851929,44.22150677527442,14.137219190597534
0.01,61,1,32976020.0,0.25,267,0.08761325813609468,-1,-1,-1,71.33388293487222,4852,5596,14.069082736968994,44.76822144676408,15.756068759494358
0.01,61,1,32976020.0,0.25,268,0.09676636464497042,-1,-1,-1,45.42748392177451,7619,8363,14.146264791488647,47.89814558538611,14.219697713851929
0.01,61,1,32976020.0,0.25,269,0.09832655325443787,-1,-1,-1,44.13005227591483,7843,8587,14.3362557888031,47.89814558538611,14.169492721557617
0.01,61,1,32976020.0,0.25,270,0.09514839127218935,-1,-1,-1,109.25252525252525,3168,3912,13.838108777999878,45.42748392177452,14.145015080769857
0.07,67,1,20663545.0,0.25,271,0.5962694156804734,-1,-1,-1,51.96096682179853,6661,7405,13.820217847824097,51.78991470896304,14.377907514572144
0.07,67,1,20663545.0,0.25,272,0.5808524408284024,-1,-1,-1,46.17289220917823,7496,8240,13.854727745056152,51.78991470896304,14.197974602381388
0.07,67,1,20663545.0,0.25,273,0.579373150887574,-1,-1,-1,56.01424178669688,6179,6923,13.62583041191101,51.78991470896304,14.012078046798706
0.13,70,1,20663545.0,0.25,274,0.8647720968934911,-1,-1,-1,79.8044731381139,4337,5081,12.902196645736694,47.611413518482706,15.120838284492493
0.12,70,1,12847800.0,0.25,275,0.8300203402366864,-1,-1,-1,45.421522309711285,7620,8364,13.038699626922607,44.31651728553137,16.406220197677612
0.12,70,1,12847800.0,0.25,276,0.8288877588757396,-1,-1,-1,60.817431031453175,5691,6435,12.7520751953125,44.31651728553137,15.23821234703064
0.1,70,1,8351070.0,0.25,277,0.738073224852071,-1,-1,-1,43.35613178003257,7983,8727,13.086423873901367,44.31651728553137,15.23821234703064
0.1,70,1,8351070.0,0.25,278,0.7463480029585798,-1,-1,-1,47.43859649122807,7296,8040,13.02258014678955,44.31651728553137,15.23821234703064
0.1,70,1,8351070.0,0.25,279,0.7430889423076923,-1,-1,-1,35.50230792901836,9749,10493,13.608611822128296,44.31651728553137,15.23821234703064
0.1,70,1,8351070.0,0.25,280,0.7460706360946746,-1,-1,-1,33.14931519969352,10441,11185,14.089401960372925,44.31651728553137,15.23821234703064
0.1,70,1,8351070.0,0.25,281,0.7483473557692307,-1,-1,-1,39.90223656905695,8674,9418,13.976950645446777,44.31651728553137,15.23821234703064
0.12,70,1,12847800.0,0.25,282,0.8314765162721893,-1,-1,-1,69.54229455495279,4977,5721,13.379981517791748,44.31651728553137,14.115705490112305
0.09,75,1,12847800.0,0.25,283,0.6872110761834319,-1,-1,-1,32.54767726161369,10634,11378,14.053515195846558,44.118801784576156,14.17806625366211
0.02,61,1,20663545.0,0.25,284,0.17761880547337278,-1,-1,-1,44.1863909102515,7833,8577,14.419894218444824,46.29022335161161,14.8753023147583
0.1,74,1,20663545.0,0.25,285,0.7559865014792899,-1,-1,-1,33.04487301890395,10474,11218,14.596824645996094,44.3832543211349,14.061278800169628
0.1,74,1,20663545.0,0.25,286,0.7463595599112426,-1,-1,-1,28.761176666112682,12034,12778,15.032182931900024,44.1863909102515,14.419894218444824
0.03,62,1,20663545.0,0.25,287,0.2634176220414201,-1,-1,-1,51.76667663775052,6686,7430,15.019519329071045,45.373885684320925,15.510398149490356
0.05,71,1,32976020.0,0.25,288,0.4400887573964497,-1,-1,-1,44.92044127190136,7705,8449,14.967149496078491,44.7288705091755,14.985164403915405
0.05,71,1,32976020.0,0.25,289,0.4335359652366864,-1,-1,-1,47.39961654341276,7302,8046,14.778039455413818,44.7288705091755,14.93229627609253
0.05,71,1,32976020.0,0.25,290,0.43447207840236685,-1,-1,-1,80.52861796184271,4298,5042,14.186758995056152,44.7288705091755,15.128379265467325
0.05,71,1,32976020.0,0.25,291,0.42982618343195267,-1,-1,-1,42.24484315879409,8193,8937,14.618127346038818,44.92044127190136,14.921569426854452
0.1,68,1,48072185.0,0.25,292,0.7532128328402367,-1,-1,-1,46.20371112001068,7491,8235,14.169244766235352,44.169474221541606,14.060399532318115
0.05,71,1,48072185.0,0.25,293,0.41608496671597633,-1,-1,-1,39.70995869664984,8716,9460,14.53431248664856,44.92044127190136,14.643982648849487
0.05,71,1,48072185.0,0.25,294,0.4397189349112426,-1,-1,-1,70.56309887869521,4905,5649,14.062997102737427,46.20371112001068,14.378014405568441
0.08,75,1,48072185.0,0.25,295,0.648853550295858,-1,-1,-1,30.98030791263874,11172,11916,14.717557430267334,43.52595090486156,14.569017666357535
0.08,75,1,48072185.0,0.25,296,0.6412721893491125,-1,-1,-1,35.77754806698367,9674,10418,14.659897089004517,70.56309887869521,14.062997102737427
0.06,70,1,48072185.0,0.25,297,0.4987980769230769,-1,-1,-1,49.650265385167124,6971,7715,14.406973123550415,43.978653113087674,14.2869504292806
0.09,68,1,48072185.0,0.25,298,0.7029863165680473,-1,-1,-1,47.884892086330936,7228,7972,13.779290914535522,44.602115498387896,14.043394923210144
0.08,68,1,48072185.0,0.25,299,0.6288831360946746,-1,-1,-1,40.231547134720444,8603,9347,13.95592451095581,50.32482109583452,14.083327452341717
0.09,68,1,48072185.0,0.25,300,0.6938216531065089,-1,-1,-1,49.09390070921986,7050,7794,13.661173582077026,49.650265385167124,14.406973123550415
0.01,61,1,48072185.0,0.25,301,0.08399593195266272,-1,-1,-1,36.761763143919275,9415,10159,14.463908672332764,44.130052275914835,14.183867772420248
0.01,61,1,48072185.0,0.25,302,0.09705528846153846,-1,-1,-1,70.29082047116165,4924,5668,14.156991243362427,44.130052275914835,14.047898054122925
0.0,61,1,48072185.0,0.25,303,0.0,-1,-1,-1,98.24354243542436,3523,4267,13.766744136810303,43.24621954191655,16.636835204230415
0.06,65,1,32976020.0,0.25,304,0.5243042714497042,-1,-1,-1,73.35989826197542,4718,5462,13.328771591186523,43.67186498777632,15.154707431793213
0.0,61,1,32976020.0,0.25,305,1.1556952662721893e-05,-1,-1,-1,59.134119255082865,5853,6597,13.470529317855835,70.29082047116165,14.156991243362427
0.03,64,1,32976020.0,0.25,306,0.28368851701183434,-1,-1,-1,78.8589655958077,4389,5133,13.26960563659668,52.905325733552054,19.038479328155518
0.02,66,1,32976020.0,0.25,307,0.18814718934911243,-1,-1,-1,55.09582935370901,6282,7026,13.506608009338379,52.80836708508792,15.148065355088976
0.02,67,1,20663545.0,0.25,308,0.18990384615384615,-1,-1,-1,34.96080808080808,9900,10644,14.390541315078735,67.11936054971189,14.351436644792557
0.04,66,1,20663545.0,0.25,309,0.36932553624260356,-1,-1,-1,54.48866498740554,6352,7096,14.165493249893188,57.2684684694841,14.043651819229126
0.01,68,1,20663545.0,0.25,310,0.09081453402366864,-1,-1,-1,34.79911522219988,9946,10690,14.617863893508911,45.29850649844508,16.419663940157207
0.02,65,1,12847800.0,0.25,311,0.1991725221893491,-1,-1,-1,65.53910244271918,5281,6025,13.626658916473389,63.0387442750109,14.904242243085589
0.04,65,1,12847800.0,0.25,312,0.3728272928994083,-1,-1,-1,45.94000530926467,7534,8278,13.7684965133667,66.52132882881213,14.192304015159607
0.01,68,1,12847800.0,0.25,313,0.0924325073964497,-1,-1,-1,40.05462330748756,8641,9385,14.109442234039307,54.48866498740554,14.165493249893188
0.1,70,1,8351070.0,0.25,314,0.7554664386094675,-1,-1,-1,43.33984472827448,7986,8730,13.636735677719116,54.48866498740554,14.165493249893188
0.03,65,1,12847800.0,0.25,315,0.25756980399408286,-1,-1,-1,40.47146866230121,8552,9296,14.105284214019775,50.16910883245953,14.12226140499115
0.01,68,1,12847800.0,0.25,316,0.09340329142011834,-1,-1,-1,41.23817466936733,8393,9137,14.268128871917725,45.94000530926467,14.03316100438436
0.1,70,1,12847800.0,0.25,317,0.7542991863905325,-1,-1,-1,44.844778440010366,7718,8462,13.679810762405396,45.94000530926467,14.03316100438436
0.01,65,1,20663545.0,0.25,318,0.08582193047337278,-1,-1,-1,53.44533662754787,6476,7220,13.761533498764038,42.82138464925194,18.107507399150304
0.05,68,1,20663545.0,0.25,319,0.44092085798816566,-1,-1,-1,30.151755379388447,11479,12223,14.697884321212769,42.99527950310559,14.07395601272583
0.16,75,1,20663545.0,0.25,320,0.9288438424556213,-1,-1,-1,52.84152671755725,6550,7294,13.840669393539429,42.551266289648304,14.19660687446595
0.15,76,1,32976020.0,0.25,321,0.9118782359467456,-1,-1,-1,51.63538714008653,6703,7447,13.406846523284912,42.79856559910968,15.041391849517824
0.15,76,1,32976020.0,0.25,322,0.9150679548816568,-1,-1,-1,52.53673345476624,6588,7332,13.036051988601685,42.79856559910968,14.641151030858358
0.15,76,1,32976020.0,0.25,323,0.9177029400887574,-1,-1,-1,39.313039527487504,8804,9548,12.9634690284729,42.79856559910968,14.096302588780722
0.14,76,1,32976020.0,0.25,324,0.8923469859467456,-1,-1,-1,42.40529282038716,8162,8906,12.918410301208496,44.45191344729104,14.280776977539062
0.11,77,1,48072185.0,0.25,325,0.7767774593195266,-1,-1,-1,32.11282241603266,10778,11522,13.507384061813354,42.238112700177005,14.117735154701002
0.02,64,1,48072185.0,0.25,326,0.1711931397928994,-1,-1,-1,33.80990524567744,10237,10981,14.46352243423462,45.96284904738774,15.680322647094727
0.1,68,1,48072185.0,0.25,327,0.7523807322485208,-1,-1,-1,43.57995467136741,7942,8686,13.909189701080322,42.24484315879409,14.245847860972086
0.11,75,1,48072185.0,0.25,328,0.7914547892011834,-1,-1,-1,28.821050878507787,12009,12753,14.041192531585693,41.361376673040155,14.909205436706543
0.11,75,1,48072185.0,0.25,329,0.7852024778106509,-1,-1,-1,38.81484804306381,8917,9661,13.911304473876953,41.361376673040155,14.575866858164469
0.02,68,1,48072185.0,0.25,330,0.16496394230769232,-1,-1,-1,34.48361064062967,10037,10781,14.718166589736938,41.102421372502306,14.002272288004557
0.11,73,1,48072185.0,0.25,331,0.7944480399408284,-1,-1,-1,44.00101703534198,7866,8610,14.120372533798218,40.99395949307118,15.251423120498657
0.06,71,1,48072185.0,0.25,332,0.4842825443786982,-1,-1,-1,32.401422954502905,10682,11426,14.614231586456299,42.13171028606208,14.549475908279419
0.06,71,1,48072185.0,0.25,333,0.5041027181952663,-1,-1,-1,30.858773181169756,11216,11960,15.045995712280273,42.13171028606208,14.406441450119019
0.01,68,1,48072185.0,0.25,334,0.09222448224852071,-1,-1,-1,42.809152752009894,8085,8829,15.04862904548645,40.47146866230121,14.013091325759888
0.17,63,1,48072185.0,0.25,335,0.9419263128698225,-1,-1,-1,76.84547069271758,4504,5248,14.11680817604065,41.93771961710893,15.872960090637207
0.17,63,1,48072185.0,0.25,336,0.9458210059171598,-1,-1,-1,100.32231884057971,3450,4194,13.322770595550537,41.93771961710893,14.310285250345865
0.0,70,1,32976020.0,0.25,337,0.0,-1,-1,-1,39.28180683236863,8811,9555,14.576494693756104,40.15686274509804,18.503137429555256
0.0,70,1,32976020.0,0.25,338,0.0,-1,-1,-1,42.86216718266254,8075,8819,14.661670923233032,40.15686274509804,17.414366404215496
0.17,63,1,32976020.0,0.25,339,0.9428508690828402,-1,-1,-1,67.7720775406305,5107,5851,13.931632041931152,41.93771961710893,14.673140048980713
0.05,71,1,32976020.0,0.25,340,0.43318925665680474,-1,-1,-1,37.017326203208555,9350,10094,14.51663851737976,39.70995869664984,14.296772082646688
0.0,70,1,20663545.0,0.25,341,0.0,-1,-1,-1,26.113776972989285,13254,13998,15.739232301712036,39.28180683236863,16.051143805185955
0.1,77,1,20663545.0,0.25,342,0.7547845784023669,-1,-1,-1,34.38426385853368,10066,10810,15.277948379516602,40.068534382959015,14.340825080871582
0.16,63,1,20663545.0,0.25,343,0.9332817122781065,-1,-1,-1,65.73827160493828,5265,6009,14.257134199142456,40.736091356696356,15.179693605385575
0.05,71,1,20663545.0,0.25,344,0.4171713202662722,-1,-1,-1,37.93839745697687,9123,9867,14.88206148147583,39.70995869664984,14.211729764938354
0.1,70,1,12847800.0,0.25,345,0.749167899408284,-1,-1,-1,33.829733163913595,10231,10975,14.729440212249756,39.70995869664984,14.211729764938354
0.1,70,1,12847800.0,0.25,346,0.7398761094674556,-1,-1,-1,39.72363135544589,8713,9457,14.518665075302124,39.70995869664984,14.211729764938354
0.1,70,1,8351070.0,0.25,347,0.7371024408284024,-1,-1,-1,31.599744362275175,10953,11697,14.737581014633179,39.70995869664984,14.211729764938354
0.1,70,1,8351070.0,0.25,348,0.7354613535502958,-1,-1,-1,42.819745144129655,8083,8827,14.562370777130127,39.70995869664984,14.211729764938354
0.1,70,1,8351070.0,0.25,349,0.7336931397928994,-1,-1,-1,29.59740037626133,11694,12438,14.968972206115723,39.70995869664984,14.211729764938354
0.1,70,1,8351070.0,0.25,350,0.7402459319526628,-1,-1,-1,46.55171486213853,7435,8179,14.687693119049072,39.70995869664984,14.211729764938354
0.1,70,1,8351070.0,0.25,351,0.7331846338757396,-1,-1,-1,44.14130850656804,7841,8585,14.574311971664429,39.70995869664984,14.211729764938354
0.1,70,1,12847800.0,0.25,352,0.7341438609467456,-1,-1,-1,42.97926238668819,8053,8797,14.47463870048523,39.70995869664984,14.211729764938354
0.1,70,1,12847800.0,0.25,353,0.7343056582840237,-1,-1,-1,40.945463149177804,8453,9197,14.33814287185669,39.70995869664984,14.211729764938354
0.05,71,1,20663545.0,0.25,354,0.39044008875739644,-1,-1,-1,32.95677013902114,10502,11246,15.252522230148315,39.70995869664984,14.241026242574057
0.05,71,1,20663545.0,0.25,355,0.43539663461538464,-1,-1,-1,26.021502142696036,13301,14045,16.205953359603882,40.945463149177804,14.175636370976767
0.1,70,1,20663545.0,0.25,356,0.7536519970414202,-1,-1,-1,33.80990524567744,10237,10981,15.605217218399048,42.97926238668819,14.57888126373291
0.0,62,1,20663545.0,0.25,357,0.0,-1,-1,-1,65.71330928422252,5267,6011,15.396239757537842,38.9289647514207,19.095566272735596
0.02,70,1,32976020.0,0.25,358,0.1820104474852071,-1,-1,-1,30.278365847257458,11431,12175,15.967724323272705,39.232827023350715,14.16132926940918
0.02,70,1,32976020.0,0.25,359,0.18852856878698224,-1,-1,-1,42.30680845862364,8181,8925,15.895951986312866,39.232827023350715,14.5729660987854
0.0,80,1,32976020.0,0.25,360,0.0,-1,-1,-1,24.195176511709192,14305,15049,17.2885525226593,37.40942498919153,21.146572430928547
0.0,80,1,32976020.0,0.25,361,0.0,-1,-1,-1,28.811454257887288,12013,12757,17.508816719055176,37.40942498919153,19.208387931187946
0.05,97,1,48072185.0,0.25,362,0.449842825443787,-1,-1,-1,7.743863966886677,44695,45439,28.535349369049072,39.07337999548431,14.051904678344727
0.09,68,1,48072185.0,0.25,363,0.7258344119822485,-1,-1,-1,98.1321236178055,3527,4271,23.61428737640381,40.231547134720444,14.25662358601888
0.16,61,1,48072185.0,0.25,364,0.9235160872781065,-1,-1,-1,148.92943201376937,2324,3068,20.22961139678955,41.710291636538926,15.021096467971802
0.16,61,1,48072185.0,0.25,365,0.9237934541420119,-1,-1,-1,122.77829017382051,2819,3563,18.812464475631714,41.710291636538926,17.88549343744914
0.16,61,1,48072185.0,0.25,366,0.9243135170118343,-1,-1,-1,119.92792792792793,2886,3630,17.77571439743042,41.710291636538926,19.621665080388386
0.16,61,1,48072185.0,0.25,367,0.9234351886094675,-1,-1,-1,154.58329611433675,2239,2983,16.711055040359497,98.1321236178055,20.885454416275024
0.16,61,1,48072185.0,0.25,368,0.923620099852071,-1,-1,-1,137.4551231135822,2518,3262,16.04215145111084,119.92792792792793,18.939263423283894
0.16,61,1,48072185.0,0.25,369,0.9232733912721893,-1,-1,-1,146.28571428571428,2366,3110,15.626555681228638,119.92792792792793,17.766411304473877
0.16,61,1,48072185.0,0.25,370,0.9237009985207101,-1,-1,-1,119.67911479944675,2892,3636,15.337694883346558,119.92792792792793,16.842973629633587
0.16,61,1,48072185.0,0.25,371,0.9200952292899408,-1,-1,-1,96.67932960893854,3580,4324,14.5643949508667,137.4551231135822,16.126587390899658
0.16,61,1,48072185.0,0.25,372,0.9221061390532544,-1,-1,-1,107.85665316297911,3209,3953,14.414821863174438,119.67911479944675,15.668800671895346
0.16,61,1,48072185.0,0.25,373,0.922707100591716,-1,-1,-1,121.91334977104614,2839,3583,14.15223240852356,96.67932960893854,15.176215171813965
0.11,76,1,32976020.0,0.25,374,0.8014399963017751,-1,-1,-1,44.99635985439418,7692,8436,15.838042497634888,37.67820596559982,15.120431184768677
0.11,76,1,32976020.0,0.25,375,0.7980884800295858,-1,-1,-1,49.09390070921986,7050,7794,16.76781415939331,37.67820596559982,14.797698259353638
0.11,76,1,32976020.0,0.25,376,0.7973026072485208,-1,-1,-1,45.421522309711285,7620,8364,17.3892080783844,37.67820596559982,15.036902030309042
0.11,76,1,32976020.0,0.25,377,0.7968056582840237,-1,-1,-1,43.47048480281337,7962,8706,17.670305967330933,44.99635985439418,15.586029688517252
0.11,76,1,20663545.0,0.25,378,0.7925180288461539,-1,-1,-1,37.072836332476435,9336,10080,18.278714418411255,44.99635985439418,16.665021578470867
0.11,76,1,20663545.0,0.25,379,0.7941360022189349,-1,-1,-1,55.45777920205095,6241,6985,17.88582444190979,43.47048480281337,17.27577606836955
0.07,69,1,20663545.0,0.25,380,0.5710983727810651,-1,-1,-1,48.96194652709011,7069,7813,18.235799074172974,37.435221361690594,14.005360357345094
0.16,61,1,12847800.0,0.25,381,0.9305427144970414,-1,-1,-1,147.2190557209698,2351,3095,17.298661470413208,96.67932960893854,14.772303899129232
0.07,69,1,12847800.0,0.25,382,0.5878328402366864,-1,-1,-1,87.91262382524765,3937,4681,17.19098448753357,55.45777920205095,17.88582444190979
0.07,69,1,12847800.0,0.25,383,0.5930912536982249,-1,-1,-1,59.245463882232116,5842,6586,17.4313485622406,55.45777920205095,17.69010345141093
0.1,70,1,8351070.0,0.25,384,0.7578240569526628,-1,-1,-1,65.75075987841946,5264,6008,17.151119709014893,55.45777920205095,17.69010345141093
0.07,69,1,12847800.0,0.25,385,0.5819041235207101,-1,-1,-1,57.53191489361702,6016,6760,17.29431390762329,55.45777920205095,17.458490133285522
0.07,69,1,12847800.0,0.25,386,0.5987657174556213,-1,-1,-1,60.64692482915718,5707,6451,16.967895030975342,65.75075987841946,17.21358855565389
0.07,69,1,12847800.0,0.25,387,0.588306675295858,-1,-1,-1,48.803158488437674,7092,7836,17.411054372787476,57.53191489361702,17.21213936805725
0.07,69,1,20663545.0,0.25,388,0.6042552699704142,-1,-1,-1,56.6560811916844,6109,6853,16.96437954902649,57.53191489361702,17.137776215871174
0.07,69,1,20663545.0,0.25,389,0.5935650887573964,-1,-1,-1,57.551047555703356,6014,6758,16.9681179523468,48.803158488437674,17.22442110379537
0.07,69,1,20663545.0,0.25,390,0.5886880547337278,-1,-1,-1,44.45312098638582,7786,8530,17.515201568603516,48.803158488437674,17.114442984263103
0.07,69,1,32976020.0,0.25,391,0.5951137204142012,-1,-1,-1,67.86509803921568,5100,5844,17.241369485855103,48.803158488437674,17.11451729138692
0.07,69,1,32976020.0,0.25,392,0.5884106878698225,-1,-1,-1,56.74897524184293,6099,6843,17.207564115524292,44.45312098638582,17.149233023325603
0.07,69,1,32976020.0,0.25,393,0.5868389423076923,-1,-1,-1,75.81861993428258,4565,5309,16.907190084457397,44.45312098638582,17.241563002268474
0.07,69,1,32976020.0,0.25,394,0.5899824334319527,-1,-1,-1,39.8562874251497,8684,9428,17.862839698791504,44.45312098638582,17.321378389994305
0.07,69,1,48072185.0,0.25,395,0.594871024408284,-1,-1,-1,58.60345411445987,5906,6650,17.637038230895996,56.74897524184293,17.11870789527893
0.18,61,1,48072185.0,0.25,396,0.9560142381656804,-1,-1,-1,108.94302801384954,3177,3921,16.82429313659668,42.986699152467764,15.730509493086075
0.18,61,1,48072185.0,0.25,397,0.9568347818047337,-1,-1,-1,148.67353951890036,2328,3072,16.032413244247437,58.60345411445987,17.637038230895996
0.18,61,1,48072185.0,0.25,398,0.9560604659763313,-1,-1,-1,152.7413945278023,2266,3010,15.37786602973938,58.60345411445987,17.36612319946289
0.18,61,1,48072185.0,0.25,399,0.9572970599112426,-1,-1,-1,171.93840039741679,2013,2757,14.762885570526123,58.60345411445987,16.831248203913372
0.18,61,1,48072185.0,0.25,400,0.9565574149408284,-1,-1,-1,166.16034565530484,2083,2827,14.349346160888672,108.94302801384954,16.078190803527832
0.18,61,1,48072185.0,0.25,401,0.9549047707100592,-1,-1,-1,114.34159233564586,3027,3771,14.253993034362793,148.67353951890036,15.39105494817098
0.18,61,1,48072185.0,0.25,402,0.9550087832840237,-1,-1,-1,133.68559289300887,2589,3333,14.14901614189148,152.7413945278023,14.830032587051392
0.18,61,1,48072185.0,0.25,403,0.9551012389053254,-1,-1,-1,119.26671261199174,2902,3646,13.841996192932129,114.34159233564586,14.455408255259195
0.18,61,1,48072185.0,0.25,404,0.9560142381656804,-1,-1,-1,130.85519848771267,2645,3389,13.731675148010254,114.34159233564586,14.250785112380981
0.18,61,1,48072185.0,0.25,405,0.9574935281065089,-1,-1,-1,132.7625623321826,2607,3351,13.579139709472656,114.34159233564586,14.081668456395468
0.16,61,1,48072185.0,0.25,406,0.9272489829881657,-1,-1,-1,98.80445332572081,3503,4247,13.700648546218872,48.96194652709011,15.738338629404703
0.07,69,1,32976020.0,0.25,407,0.5842501849112426,-1,-1,-1,38.54253897550112,8980,9724,16.38887882232666,39.8562874251497,17.325864632924397
0.07,69,1,32976020.0,0.25,408,0.5921666974852071,-1,-1,-1,31.091627739849084,11132,11876,18.452577590942383,39.8562874251497,16.156892776489258
0.16,61,1,32976020.0,0.25,409,0.9286358173076923,-1,-1,-1,99.74409221902017,3470,4214,17.756829261779785,48.96194652709011,15.40992021560669
0.1,69,1,32976020.0,0.25,410,0.7467640532544378,-1,-1,-1,55.94181347987716,6187,6931,17.82915234565735,39.32612999722082,14.39978023370107
0.09,69,1,20663545.0,0.25,411,0.6923076923076923,-1,-1,-1,44.79834325653637,7726,8470,18.06398034095764,79.34357447118046,17.165926959779526
0.09,69,1,20663545.0,0.25,412,0.6982479659763313,-1,-1,-1,53.48663266883017,6471,7215,17.97096014022827,55.94181347987716,17.82915234565735
0.09,69,1,20663545.0,0.25,413,0.6992418639053254,-1,-1,-1,52.752934003962814,6561,7305,17.819066047668457,44.79834325653637,17.90742834409078
0.09,69,1,20663545.0,0.25,414,0.6939487795857988,-1,-1,-1,56.84217441287568,6089,6833,17.772029638290405,44.79834325653637,17.954697608947754
0.08,97,1,12847800.0,0.25,415,0.6371463572485208,-1,-1,-1,7.405207642439932,46739,47483,24.95461940765381,43.51737138231876,14.261733557780584
0.15,98,1,12847800.0,0.25,416,0.9110808062130178,-1,-1,-1,9.530040200451566,36318,37062,24.053969383239746,99.71899685103251,14.138327890751409
0.1,69,1,8351070.0,0.25,417,0.731716900887574,-1,-1,-1,76.60734838424081,4518,5262,22.69260883331299,99.74409221902017,17.756829261779785
0.17,61,1,8351070.0,0.25,418,0.9387365939349113,-1,-1,-1,129.339312406577,2676,3420,19.780837297439575,75.17917017592046,15.331700642903645
0.17,61,1,8351070.0,0.25,419,0.9407128328402367,-1,-1,-1,109.42522921277268,3163,3907,19.369466304779053,76.60734838424081,22.69260883331299
0.17,61,1,8351070.0,0.25,420,0.9425735022189349,-1,-1,-1,154.5142857142857,2240,2984,18.5450279712677,76.60734838424081,21.722018321355183
0.17,61,1,8351070.0,0.25,421,0.9425966161242604,-1,-1,-1,146.5955103769589,2361,3105,17.702906131744385,76.60734838424081,20.614304145177204
0.21,99,1,12847800.0,0.25,422,0.9769438794378699,-1,-1,-1,13.897847735303566,24904,25648,18.156108856201172,101.55214317391574,15.351789132754007
0.22,99,1,12847800.0,0.25,423,0.9906157544378699,-1,-1,-1,22.877387798268227,15129,15873,18.346476554870605,148.68420792889393,15.512851347525913
0.21,99,1,20663545.0,0.25,424,0.9832655325443787,-1,-1,-1,15.587822014051522,22204,22948,18.469316959381104,146.5955103769589,17.70290613174438
0.23,99,1,20663545.0,0.25,425,0.9925573224852071,-1,-1,-1,30.719091151149374,11267,12011,18.181291818618774,60.91533201843542,15.084968235757612
0.08,97,1,20663545.0,0.25,426,0.6286173261834319,-1,-1,-1,11.776522626743791,29390,30134,24.555327892303467,56.84217441287568,17.772029638290405
0.08,98,1,20663545.0,0.25,427,0.6469235392011834,-1,-1,-1,11.910254645560908,29060,29804,28.092217445373535,50.654386587488894,14.87547308206558
0.09,69,1,32976020.0,0.25,428,0.7359698594674556,-1,-1,-1,98.66362599771949,3508,4252,24.027206897735596,44.79834325653637,17.951335509618122
0.07,69,1,32976020.0,0.25,429,0.6007419563609467,-1,-1,-1,106.4632420793602,3251,3995,22.66911029815674,38.54253897550112,15.984122355779013
0.07,69,1,32976020.0,0.25,430,0.6257858727810651,-1,-1,-1,86.54963740935234,3999,4743,21.640686988830566,38.54253897550112,18.038911422093708
0.07,69,1,32976020.0,0.25,431,0.6687315088757396,-1,-1,-1,77.2054427838501,4483,5227,19.085938930511475,38.54253897550112,21.028398672739666
0.07,69,1,48072185.0,0.25,432,0.6363604844674556,-1,-1,-1,55.2806260980674,6261,7005,19.53350305557251,86.54963740935234,22.779001394907635
0.07,69,1,48072185.0,0.25,433,0.6212093195266272,-1,-1,-1,69.34722500500902,4991,5735,19.355703592300415,77.2054427838501,21.131912072499592
0.07,69,1,48072185.0,0.25,434,0.6138706545857988,-1,-1,-1,45.36793813081662,7629,8373,20.18770456314087,55.2806260980674,20.08670965830485
0.07,69,1,48072185.0,0.25,435,0.6044632951183432,-1,-1,-1,70.40520748576078,4916,5660,20.08035898208618,55.2806260980674,19.325048526128132
0.07,69,1,48072185.0,0.25,436,0.5995515902366864,-1,-1,-1,47.380150581793295,7305,8049,20.449414253234863,45.36793813081662,19.692303737004597
0.07,69,1,48072185.0,0.25,437,0.6047291050295858,-1,-1,-1,41.535101404056164,8333,9077,20.78549861907959,45.36793813081662,19.874589045842487
0.07,69,1,48072185.0,0.25,438,0.5962925295857988,-1,-1,-1,97.60631697687535,3546,4290,20.082931518554688,45.36793813081662,20.239159266153973
0.06,69,1,48072185.0,0.25,439,0.5267543454142012,-1,-1,-1,92.56806632789515,3739,4483,19.47332501411438,40.36632421761508,19.482145401147694
0.06,69,1,48072185.0,0.25,440,0.5326830621301775,-1,-1,-1,59.00306853051483,5866,6610,19.795455932617188,97.60631697687535,20.082931518554688
0.06,69,1,48072185.0,0.25,441,0.5266272189349113,-1,-1,-1,58.209216279852,5946,6690,20.01041889190674,92.56806632789515,19.879729350407917
0.06,69,1,48072185.0,0.25,442,0.5325328217455622,-1,-1,-1,47.739586206896554,7250,7994,20.180294513702393,59.00306853051483,19.783904155095417
0.06,69,1,48072185.0,0.25,443,0.5335036057692307,-1,-1,-1,64.3211299015053,5381,6125,19.810904264450073,58.209216279852,19.7597332795461
0.06,69,1,32976020.0,0.25,444,0.5250901442307693,-1,-1,-1,56.425171177045975,6134,6878,19.860934019088745,47.739586206896554,19.99538977940877
0.06,69,1,32976020.0,0.25,445,0.5349251109467456,-1,-1,-1,60.477372007688274,5723,6467,19.491426944732666,47.739586206896554,20.00053922335307
0.06,69,1,32976020.0,0.25,446,0.5394554363905325,-1,-1,-1,49.156653884391424,7041,7785,19.47513222694397,47.739586206896554,19.950710932413738
0.06,69,1,32976020.0,0.25,447,0.5256564349112426,-1,-1,-1,86.18326693227091,4016,4760,19.174236059188843,56.425171177045975,19.721088409423828
0.06,69,1,20663545.0,0.25,448,0.5443671412721893,-1,-1,-1,43.44320321325468,7967,8711,19.289474487304688,49.156653884391424,19.609164396921795
0.06,69,1,20663545.0,0.25,449,0.535491401627219,-1,-1,-1,47.99112590127565,7212,7956,19.580373764038086,49.156653884391424,19.38026507695516
0.06,69,1,20663545.0,0.25,450,0.5346939718934911,-1,-1,-1,109.04599873976055,3174,3918,18.44064235687256,43.44320321325468,19.312947591145832
